Mutation,Pred_class,Distance_wt
A109S,1,0.8820886015892029
A109T,1,0.9985753893852234
A120S,1,2.3503475189208984
A19D,1,5.593629837036133
A25T,1,5.44662618637085
A36D,1,1.766863226890564
A36P,1,5.770760536193848
A45D,1,5.8855671882629395
A45S,1,1.870158076286316
A45T,1,1.8323558568954468
A81T,1,1.6271286010742188
A81V,1,1.6908280849456787
A91S,1,4.9216227531433105
A97G,1,5.110300540924072
A97S,1,1.935228943824768
C10R,1,4.633838176727295
D18E,1,4.937126636505127
D18G,1,5.156879425048828
D18N,1,5.701930999755859
D38A,1,3.858328342437744
D38V,1,3.8740525245666504
D74H,1,4.688387393951416
E42D,1,3.8125596046447754
E42G,1,3.834590435028076
E54G,1,5.7080078125
E54K,1,6.950799942016602
E54Q,1,5.638892650604248
E61G,1,4.489161491394043
E61K,1,4.1539435386657715
E62K,1,4.173724174499512
E89K,1,6.991177082061768
E89Q,1,5.632694244384766
F33I,1,7.709196090698242
F33L,1,7.775243282318115
F33V,1,7.693266868591309
F44L,0,0.26242902874946594
F44S,1,11.093954086303711
F64L,1,5.631838321685791
F64S,1,8.220372200012207
G47A,1,5.83203125
G47E,1,5.938152313232422
G47R,1,6.000031471252441
G47V,1,5.900916576385498
G53E,1,11.09682846069336
G53R,1,11.025108337402344
G57R,1,4.546557903289795
G67R,1,5.17242431640625
H88R,1,4.933963298797607
H90D,1,5.222278118133545
H90N,1,5.220038890838623
I107M,1,4.460756301879883
I107V,1,1.030088186264038
I68L,1,1.1545758247375488
I73V,1,0.9608483910560608
I84N,1,17.21967887878418
I84S,1,17.219690322875977
I84T,1,17.219703674316406
K35N,1,7.545614719390869
K70N,1,4.852118492126465
L111M,1,4.398924350738525
L12P,1,4.942948818206787
L55P,1,1.5055452585220337
L55Q,1,1.3805654048919678
L55R,1,1.5484291315078735
L58H,1,1.039427638053894
L58R,1,1.0623397827148438
P102R,0,0.2452133446931839
P24S,1,4.587193012237549
R104H,0,0.3118066191673279
R34G,1,7.300783157348633
R34T,1,7.265861988067627
S23N,1,0.45341289043426514
S50I,1,10.732172012329102
S50R,1,10.991543769836426
S52P,1,10.800241470336914
S77Y,1,10.625410079956055
T119M,1,2.5253732204437256
T49A,1,3.895488977432251
T49I,1,3.9355947971343994
T49S,1,3.8299827575683594
T59K,1,4.330947399139404
T60A,1,1.2282215356826782
V122A,1,2.733494997024536
V122I,1,0.5357593297958374
V20I,1,0.5685749053955078
V28M,1,1.258131504058838
V30A,1,8.52219295501709
V30G,1,8.489895820617676
V30L,1,4.663759708404541
V30M,1,4.714293479919434
V32A,1,8.343524932861328
V71A,1,8.189319610595703
W41L,1,4.807773113250732
Y114C,1,3.16402530670166
Y114H,1,3.0569188594818115
Y116S,1,2.6983823776245117
Y69H,1,4.700778961181641
Y78F,1,5.3512959480285645
