Protein	Variation	Pred_class	Pathogenicity_probability	Reliability_index
>P02766	A117G	Pathogenic	0.9534497090606816	9
>P02766	A129T	Pathogenic	0.9325077399380804	9
>P02766	F53I	Pathogenic	0.9301310043668122	9
>P02766	E109K	Pathogenic	0.9529945120496301	9
>P02766	A39D	Pathogenic	0.9529945120496301	9
>P02766	C30R	Pathogenic	0.9301310043668122	9
>P02766	L78H	Pathogenic	0.9529945120496301	9
>P02766	L75Q	Pathogenic	0.9550881182490051	9
>P02766	T69I	Pathogenic	0.9550881182490051	9
>P02766	V113M	Pathogenic	0.8652815013404825	7
>P02766	R41Q	Pathogenic	0.47395171537484115	1
>P02766	S97Y	Pathogenic	0.9301310043668122	9
>P02766	I104S	Pathogenic	0.9301310043668122	9
>P02766	Y136S	Pathogenic	0.9550881182490051	9
>P02766	F64S	Pathogenic	0.9529945120496301	9
>P02766	V48M	Pathogenic	0.9301310043668122	9
>P02766	S43N	Pathogenic	0.8652815013404825	7
>P02766	S70I	Pathogenic	0.9301310043668122	9
>P02766	D59V	Pathogenic	0.5145228215767634	0
>P02766	A140S	Pathogenic	0.8909646739130435	8
>P02766	V50M	Pathogenic	0.9304662379421221	9
>P02766	F84S	Pathogenic	0.9534497090606816	9
>P02766	A101V	Pathogenic	0.47395171537484115	1
>P02766	R54G	Pathogenic	0.9325077399380804	9
>P02766	Y134H	Pathogenic	0.9301310043668122	9
>P02766	A65D	Pathogenic	0.9529945120496301	9
>P02766	L75P	Pathogenic	0.9814814814814815	10
>P02766	G87R	Pathogenic	0.9534497090606816	9
>P02766	P122R	Benign	0.1111111111111111	8
>P02766	I104N	Pathogenic	0.9325077399380804	9
>P02766	E74L	Pathogenic	0.8227272727272728	6
>P02766	G67R	Pathogenic	0.9534497090606816	9
>P02766	E112K	Pathogenic	0.9301310043668122	9
>P02766	A45T	Pathogenic	0.9301310043668122	9
>P02766	E74D	Pathogenic	0.7767145135566188	6
>P02766	L32P	Pathogenic	0.9534497090606816	9
>P02766	Y134C	Pathogenic	0.9534497090606816	9
>P02766	L75R	Pathogenic	0.9781420765027322	10
>P02766	Y98F	Pathogenic	0.9529945120496301	9
>P02766	W61L	Pathogenic	0.9301310043668122	9
>P02766	I104T	Pathogenic	0.9301310043668122	9
>P02766	L78R	Pathogenic	0.9550881182490051	9
>P02766	Y134S	Pathogenic	0.9331395348837209	9
>P02766	A65S	Pathogenic	0.8909646739130435	8
>P02766	A56D	Pathogenic	0.6239130434782607	2
>P02766	G73R	Pathogenic	0.9301310043668122	9
>P02766	S70R	Pathogenic	0.8909646739130435	8
>P02766	E81G	Pathogenic	0.9301310043668122	9
>P02766	D58V	Pathogenic	0.8909646739130435	8
>P02766	M33I	Benign	0.09018036072144289	8
>P02766	V50A	Pathogenic	0.9529945120496301	9
>P02766	Y89I	Pathogenic	0.9331395348837209	9
>P02766	V142I	Pathogenic	0.5581395348837208	1
>P02766	D38G	Pathogenic	0.9550881182490051	9
>P02766	F84L	Pathogenic	0.9301310043668122	9
>P02766	H110N	Benign	0.4630321135175504	1
>P02766	G67A	Pathogenic	0.9301310043668122	9
>P02766	S72P	Pathogenic	0.9301310043668122	9
>P02766	P44S	Pathogenic	0.9301310043668122	9
>P02766	G73A	Pathogenic	0.9127134724857685	8
>P02766	V91A	Pathogenic	0.9301310043668122	9
>P02766	K90N	Pathogenic	0.9325077399380804	9
>P02766	F53V	Pathogenic	0.9301310043668122	9
>P02766	F64L	Pathogenic	0.5844504021447721	2
>P02766	A65T	Pathogenic	0.9301310043668122	9
>P02766	P133T	Pathogenic	0.9550881182490051	9
>P02766	T69S	Pathogenic	0.9301310043668122	9
>P02766	Y89H	Pathogenic	0.9301310043668122	9
>P02766	T139M	Pathogenic	0.8909646739130435	8
>P02766	E92G	Pathogenic	0.8227272727272728	6
>P02766	H108R	Pathogenic	0.9529945120496301	9
>P02766	T79R	Pathogenic	0.9781420765027322	10
>P02766	D58A	Pathogenic	0.7767145135566188	6
>P02766	S97F	Pathogenic	0.9301310043668122	9
>P02766	E82K	Pathogenic	0.7191151919866443	4
>P02766	R124C	Benign	0.4113636363636364	2
>P02766	V142A	Pathogenic	0.8197358197358198	6
>P02766	D38N	Pathogenic	0.9301310043668122	9
>P02766	A129V	Pathogenic	0.7191151919866443	4
>P02766	H76R	Benign	0.3760092272202999	2
>P02766	I127M	Pathogenic	0.9529945120496301	9
>P02766	A56P	Pathogenic	0.9301310043668122	9
>P02766	F64Y	Pathogenic	0.8197358197358198	6
>P02766	A101T	Benign	0.3610955841252096	3
>P02766	P145S	Benign	0.3610955841252096	3
>P02766	A45S	Pathogenic	0.8652815013404825	7
>P02766	A117S	Pathogenic	0.9301310043668122	9
>P02766	E62D	Pathogenic	0.9301310043668122	9
>P02766	T80A	Pathogenic	0.7191151919866443	4
>P02766	F53C	Pathogenic	0.8575757575757575	7
>P02766	I88L	Pathogenic	0.8197358197358198	6
>P02766	G87E	Pathogenic	0.9529945120496301	9
>P02766	D94H	Pathogenic	0.5404411764705884	1
>P02766	D38E	Pathogenic	0.9529945120496301	9
>P02766	R54T	Pathogenic	0.9301310043668122	9
>P02766	E71G	Pathogenic	0.5404411764705884	1
>P02766	I127F	Pathogenic	0.9550881182490051	9
>P02766	E62G	Pathogenic	0.9301310043668122	9
>P02766	I127V	Pathogenic	0.8597038191738113	7
>P02766	A129S	Pathogenic	0.9529945120496301	9
>P02766	V52G	Pathogenic	0.9550881182490051	9
>P02766	R124H	Benign	0.09018036072144289	8
>P02766	K55N	Pathogenic	0.9301310043668122	9
>P02766	V50L	Pathogenic	0.9301310043668122	9
>P02766	G121S	Benign	0.14917127071823205	7
>P02766	R123S	Pathogenic	0.6153846153846154	2
>P02766	V48S	Pathogenic	0.9529945120496301	9
>P02766	T79K	Pathogenic	0.9781420765027322	10
>P02766	K55T	Pathogenic	0.8909646739130435	8
>P02766	E74G	Pathogenic	0.9301310043668122	9
>P02766	S132I	Pathogenic	0.9550881182490051	9
>P02766	T69A	Pathogenic	0.9529945120496301	9
>P02766	G103R	Pathogenic	0.5581395348837208	1
>P02766	V50G	Pathogenic	0.9781420765027322	10
>P02766	V114A	Pathogenic	0.7767145135566188	6
>P02766	L131M	Pathogenic	0.9304662379421221	9
>P02766	I93V	Pathogenic	0.8909646739130435	8
>P02766	F53L	Pathogenic	0.8652815013404825	7
>P02766	V40I	Pathogenic	0.607661822985469	2
>P02766	G73E	Pathogenic	0.9301310043668122	9
>P02766	V52A	Pathogenic	0.9301310043668122	9
>P02766	A111S	Pathogenic	0.9301310043668122	9
>P02766	E74Q	Pathogenic	0.7767145135566188	6
>P02766	G67V	Pathogenic	0.9529945120496301	9
>P02766	E109Q	Pathogenic	0.9301310043668122	9
>P02766	T69P	Pathogenic	0.9781420765027322	10
>P02766	E81K	Pathogenic	0.9301310043668122	9
>P02766	G67E	Pathogenic	0.9529945120496301	9
>P02766	F84I	Pathogenic	0.8909646739130435	8
>P02766	G77R	Pathogenic	0.9301310043668122	9
>P02766	E74K	Pathogenic	0.9301310043668122	9
>P02766	A65G	Pathogenic	0.8909646739130435	8
>P02766	H110D	Pathogenic	0.8227272727272728	6
