variant,score,pos
M1K,0.8554,1
M1R,0.8647,1
M1H,0.9406,1
M1E,0.9202,1
M1D,0.9493,1
M1N,0.9189,1
M1Q,0.8937,1
M1T,0.8583,1
M1S,0.8171,1
M1C,0.9463,1
M1G,0.8768,1
M1A,0.8207,1
M1V,0.7869,1
M1L,0.7869,1
M1I,0.8675,1
M1M,0.0027,1
M1P,0.8949,1
M1Y,0.9498,1
M1F,0.9009,1
M1W,0.9507,1
A2K,0.208,2
A2R,0.1672,2
A2H,0.2803,2
A2E,0.1359,2
A2D,0.2242,2
A2N,0.1937,2
A2Q,0.2412,2
A2T,0.0493,2
A2S,0.044,2
A2C,0.2568,2
A2G,0.0779,2
A2A,0.0027,2
A2V,0.0487,2
A2L,0.1067,2
A2I,0.1475,2
A2M,0.1551,2
A2P,0.1615,2
A2Y,0.3308,2
A2F,0.1664,2
A2W,0.3509,2
S3K,0.1205,3
S3R,0.0504,3
S3H,0.0889,3
S3E,0.1607,3
S3D,0.1607,3
S3N,0.0784,3
S3Q,0.1006,3
S3T,0.0386,3
S3S,0.0027,3
S3C,0.0694,3
S3G,0.0356,3
S3A,0.0233,3
S3V,0.0437,3
S3L,0.0273,3
S3I,0.0706,3
S3M,0.1012,3
S3P,0.0404,3
S3Y,0.131,3
S3F,0.0482,3
S3W,0.1423,3
H4K,0.0392,4
H4R,0.0101,4
H4H,0.0027,4
H4E,0.073,4
H4D,0.1045,4
H4N,0.0388,4
H4Q,0.0222,4
H4T,0.0173,4
H4S,0.0092,4
H4C,0.0216,4
H4G,0.0186,4
H4A,0.0117,4
H4V,0.0157,4
H4L,0.0087,4
H4I,0.0259,4
H4M,0.0471,4
H4P,0.0109,4
H4Y,0.0222,4
H4F,0.018,4
H4W,0.0418,4
R5K,0.0404,5
R5R,0.0027,5
R5H,0.025,5
R5E,0.1757,5
R5D,0.2696,5
R5N,0.0964,5
R5Q,0.0294,5
R5T,0.0406,5
R5S,0.0201,5
R5C,0.0254,5
R5G,0.0354,5
R5A,0.0274,5
R5V,0.0317,5
R5L,0.0172,5
R5I,0.0649,5
R5M,0.1045,5
R5P,0.043,5
R5Y,0.0754,5
R5F,0.0455,5
R5W,0.0501,5
L6K,0.5178,6
L6R,0.3255,6
L6H,0.3619,6
L6E,0.5985,6
L6D,0.7255,6
L6N,0.5043,6
L6Q,0.3591,6
L6T,0.1324,6
L6S,0.118,6
L6C,0.1416,6
L6G,0.2031,6
L6A,0.0734,6
L6V,0.0386,6
L6L,0.0027,6
L6I,0.0649,6
L6M,0.1623,6
L6P,0.2221,6
L6Y,0.2369,6
L6F,0.0447,6
L6W,0.1918,6
L7K,0.7279,7
L7R,0.5445,7
L7H,0.5651,7
L7E,0.8015,7
L7D,0.9115,7
L7N,0.7531,7
L7Q,0.5207,7
L7T,0.1818,7
L7S,0.1591,7
L7C,0.1681,7
L7G,0.258,7
L7A,0.0779,7
L7V,0.0427,7
L7L,0.0027,7
L7I,0.0784,7
L7M,0.1801,7
L7P,0.3482,7
L7Y,0.3496,7
L7F,0.0521,7
L7W,0.266,7
L8K,0.8837,8
L8R,0.7651,8
L8H,0.7159,8
L8E,0.9066,8
L8D,0.9623,8
L8N,0.8661,8
L8Q,0.7098,8
L8T,0.2201,8
L8S,0.208,8
L8C,0.1672,8
L8G,0.2839,8
L8A,0.0865,8
L8V,0.046,8
L8L,0.0027,8
L8I,0.0899,8
L8M,0.2051,8
L8P,0.387,8
L8Y,0.3913,8
L8F,0.0527,8
L8W,0.2827,8
L9K,0.9515,9
L9R,0.8903,9
L9H,0.8267,9
L9E,0.9537,9
L9D,0.9785,9
L9N,0.9207,9
L9Q,0.8416,9
L9T,0.2591,9
L9S,0.2557,9
L9C,0.1551,9
L9G,0.3441,9
L9A,0.099,9
L9V,0.0501,9
L9L,0.0027,9
L9I,0.0996,9
L9M,0.219,9
L9P,0.6028,9
L9Y,0.4686,9
L9F,0.0549,9
L9W,0.3646,9
C10K,0.8755,10
C10R,0.7195,10
C10H,0.4775,10
C10E,0.8224,10
C10D,0.904,10
C10N,0.6198,10
C10Q,0.5133,10
C10T,0.0657,10
C10S,0.0366,10
C10C,0.0027,10
C10G,0.0758,10
C10A,0.026,10
C10V,0.0254,10
C10L,0.0147,10
C10I,0.0714,10
C10M,0.1345,10
C10P,0.3374,10
C10Y,0.1881,10
C10F,0.036,10
C10W,0.1974,10
L11K,0.9779,11
L11R,0.964,11
L11H,0.9274,11
L11E,0.9673,11
L11D,0.985,11
L11N,0.9478,11
L11Q,0.9245,11
L11T,0.2875,11
L11S,0.3295,11
L11C,0.2022,11
L11G,0.4909,11
L11A,0.1132,11
L11V,0.0479,11
L11L,0.0027,11
L11I,0.0949,11
L11M,0.1774,11
L11P,0.913,11
L11Y,0.7159,11
L11F,0.0638,11
L11W,0.5133,11
A12K,0.9125,12
A12R,0.8755,12
A12H,0.7135,12
A12E,0.808,12
A12D,0.9139,12
A12N,0.6948,12
A12Q,0.6502,12
A12T,0.0468,12
A12S,0.0539,12
A12C,0.1085,12
A12G,0.1257,12
A12A,0.0027,12
A12V,0.0294,12
A12L,0.0437,12
A12I,0.1237,12
A12M,0.2012,12
A12P,0.5797,12
A12Y,0.5029,12
A12F,0.1102,12
A12W,0.4493,12
G13K,0.6755,13
G13R,0.5014,13
G13H,0.397,13
G13E,0.485,13
G13D,0.5999,13
G13N,0.3242,13
G13Q,0.3482,13
G13T,0.066,13
G13S,0.023,13
G13C,0.0908,13
G13G,0.0027,13
G13A,0.0222,13
G13V,0.0649,13
G13L,0.0722,13
G13I,0.1723,13
G13M,0.2423,13
G13P,0.2445,13
G13Y,0.3814,13
G13F,0.1373,13
G13W,0.3348,13
L14K,0.8126,14
L14R,0.7147,14
L14H,0.587,14
L14E,0.8242,14
L14D,0.9003,14
L14N,0.7061,14
L14Q,0.6212,14
L14T,0.1599,14
L14S,0.1513,14
L14C,0.1218,14
L14G,0.2401,14
L14A,0.0614,14
L14V,0.0455,14
L14L,0.0027,14
L14I,0.087,14
L14M,0.1373,14
L14P,0.657,14
L14Y,0.3282,14
L14F,0.0533,14
L14W,0.3075,14
V15K,0.7651,15
V15R,0.5267,15
V15H,0.4567,15
V15E,0.7498,15
V15D,0.8053,15
V15N,0.6184,15
V15Q,0.5193,15
V15T,0.1225,15
V15S,0.1108,15
V15C,0.0943,15
V15G,0.19,15
V15A,0.0243,15
V15V,0.0027,15
V15L,0.02,15
V15I,0.0301,15
V15M,0.105,15
V15P,0.2445,15
V15Y,0.2707,15
V15F,0.0482,15
V15W,0.258,15
F16K,0.2827,16
F16R,0.0874,16
F16H,0.0884,16
F16E,0.2707,16
F16D,0.31,16
F16N,0.2012,16
F16Q,0.1324,16
F16T,0.0326,16
F16S,0.0247,16
F16C,0.0297,16
F16G,0.0381,16
F16A,0.0102,16
F16V,0.0143,16
F16L,0.0088,16
F16I,0.0401,16
F16M,0.0568,16
F16P,0.1199,16
F16Y,0.0657,16
F16F,0.0027,16
F16W,0.0801,16
V17K,0.2523,17
V17R,0.0943,17
V17H,0.1445,17
V17E,0.2827,17
V17D,0.3729,17
V17N,0.2273,17
V17Q,0.1475,17
V17T,0.049,17
V17S,0.036,17
V17C,0.0614,17
V17G,0.053,17
V17A,0.0177,17
V17V,0.0027,17
V17L,0.0173,17
V17I,0.0291,17
V17M,0.0646,17
V17P,0.1408,17
V17Y,0.1277,17
V17F,0.0521,17
V17W,0.1615,17
S18K,0.4984,18
S18R,0.3177,18
S18H,0.3455,18
S18E,0.4493,18
S18D,0.4597,18
S18N,0.2534,18
S18Q,0.4041,18
S18T,0.0418,18
S18S,0.0027,18
S18C,0.0607,18
S18G,0.0746,18
S18A,0.0185,18
S18V,0.0574,18
S18L,0.112,18
S18I,0.1672,18
S18M,0.3441,18
S18P,0.3757,18
S18Y,0.4939,18
S18F,0.31,18
S18W,0.5548,18
E19K,0.0779,19
E19R,0.0558,19
E19H,0.0549,19
E19E,0.0027,19
E19D,0.0373,19
E19N,0.061,19
E19Q,0.0383,19
E19T,0.0432,19
E19S,0.0229,19
E19C,0.087,19
E19G,0.0415,19
E19A,0.0216,19
E19V,0.0399,19
E19L,0.0423,19
E19I,0.1067,19
E19M,0.1264,19
E19P,0.1689,19
E19Y,0.1257,19
E19F,0.099,19
E19W,0.1672,19
A20K,0.6475,20
A20R,0.5103,20
A20H,0.5058,20
A20E,0.4449,20
A20D,0.5783,20
A20N,0.5534,20
A20Q,0.4346,20
A20T,0.143,20
A20S,0.0949,20
A20C,0.2707,20
A20G,0.1114,20
A20A,0.0027,20
A20V,0.1984,20
A20L,0.366,20
A20I,0.5386,20
A20M,0.6014,20
A20P,0.3898,20
A20Y,0.6529,20
A20F,0.5578,20
A20W,0.7859,20
G21K,0.0291,21
G21R,0.0181,21
G21H,0.0614,21
G21E,0.0287,21
G21D,0.0527,21
G21N,0.0702,21
G21Q,0.0404,21
G21T,0.0308,21
G21S,0.0138,21
G21C,0.1445,21
G21G,0.0027,21
G21A,0.0085,21
G21V,0.021,21
G21L,0.0268,21
G21I,0.0521,21
G21M,0.087,21
G21P,0.1672,21
G21Y,0.143,21
G21F,0.0851,21
G21W,0.2434,21
P22K,0.0468,22
P22R,0.0539,22
P22H,0.0974,22
P22E,0.0427,22
P22D,0.0631,22
P22N,0.0949,22
P22Q,0.0571,22
P22T,0.0354,22
P22S,0.0186,22
P22C,0.1607,22
P22G,0.0399,22
P22A,0.016,22
P22V,0.0527,22
P22L,0.0401,22
P22I,0.1144,22
P22M,0.2445,22
P22P,0.0027,22
P22Y,0.2637,22
P22F,0.2012,22
P22W,0.4493,22
T23K,0.0587,23
T23R,0.0642,23
T23H,0.098,23
T23E,0.0726,23
T23D,0.099,23
T23N,0.0842,23
T23Q,0.0631,23
T23T,0.0027,23
T23S,0.021,23
T23C,0.2755,23
T23G,0.0455,23
T23A,0.0122,23
T23V,0.0308,23
T23L,0.0507,23
T23I,0.0447,23
T23M,0.0734,23
T23P,0.0507,23
T23Y,0.2467,23
T23F,0.1681,23
T23W,0.4215,23
G24K,0.0726,24
G24R,0.0714,24
G24H,0.1697,24
G24E,0.0471,24
G24D,0.0635,24
G24N,0.1126,24
G24Q,0.1073,24
G24T,0.0539,24
G24S,0.0276,24
G24C,0.4775,24
G24G,0.0027,24
G24A,0.0315,24
G24V,0.0726,24
G24L,0.1338,24
G24I,0.2012,24
G24M,0.2974,24
G24P,0.0624,24
G24Y,0.3455,24
G24F,0.3229,24
G24W,0.4865,24
T25K,0.0415,25
T25R,0.0657,25
T25H,0.0814,25
T25E,0.0501,25
T25D,0.0527,25
T25N,0.053,25
T25Q,0.0614,25
T25T,0.0027,25
T25S,0.0155,25
T25C,0.3729,25
T25G,0.0282,25
T25A,0.0136,25
T25V,0.053,25
T25L,0.0819,25
T25I,0.0797,25
T25M,0.1056,25
T25P,0.0408,25
T25Y,0.2201,25
T25F,0.1918,25
T25W,0.476,25
G26K,0.0856,26
G26R,0.1039,26
G26H,0.2546,26
G26E,0.0536,26
G26D,0.0779,26
G26N,0.1264,26
G26Q,0.1174,26
G26T,0.0621,26
G26S,0.0326,26
G26C,0.5739,26
G26G,0.0027,26
G26A,0.0301,26
G26V,0.0828,26
G26L,0.1937,26
G26I,0.2827,26
G26M,0.3113,26
G26P,0.0767,26
G26Y,0.5014,26
G26F,0.473,26
G26W,0.6324,26
E27K,0.0718,27
E27R,0.2369,27
E27H,0.2791,27
E27E,0.0027,27
E27D,0.0427,27
E27N,0.1567,27
E27Q,0.1056,27
E27T,0.1401,27
E27S,0.1079,27
E27C,0.764,27
E27G,0.0779,27
E27A,0.0788,27
E27V,0.1792,27
E27L,0.2987,27
E27I,0.3884,27
E27M,0.4939,27
E27P,0.1505,27
E27Y,0.6475,27
E27F,0.6663,27
E27W,0.8242,27
S28K,0.1096,28
S28R,0.115,28
S28H,0.2591,28
S28E,0.2022,28
S28D,0.2434,28
S28N,0.0964,28
S28Q,0.1723,28
S28T,0.0546,28
S28S,0.0027,28
S28C,0.6014,28
S28G,0.0814,28
S28A,0.0435,28
S28V,0.1231,28
S28L,0.1394,28
S28I,0.2557,28
S28M,0.3242,28
S28P,0.0819,28
S28Y,0.4984,28
S28F,0.4171,28
S28W,0.6543,28
K29K,0.0027,29
K29R,0.0668,29
K29H,0.5326,29
K29E,0.5783,29
K29D,0.7475,29
K29N,0.4056,29
K29Q,0.3646,29
K29T,0.4244,29
K29S,0.3984,29
K29C,0.8761,29
K29G,0.5222,29
K29A,0.5312,29
K29V,0.665,29
K29L,0.657,29
K29I,0.743,29
K29M,0.711,29
K29P,0.5739,29
K29Y,0.8903,29
K29F,0.9185,29
K29W,0.8897,29
C30K,0.7207,30
C30R,0.4656,30
C30H,0.4939,30
C30E,0.8539,30
C30D,0.764,30
C30N,0.3955,30
C30Q,0.6986,30
C30T,0.4084,30
C30S,0.0754,30
C30C,0.0027,30
C30G,0.3335,30
C30A,0.3913,30
C30V,0.6128,30
C30L,0.5985,30
C30I,0.7207,30
C30M,0.8463,30
C30P,0.5356,30
C30Y,0.355,30
C30F,0.5193,30
C30W,0.7498,30
P31K,0.7183,31
P31R,0.6128,31
P31H,0.6729,31
P31E,0.8855,31
P31D,0.9237,31
P31N,0.8242,31
P31Q,0.5297,31
P31T,0.5043,31
P31S,0.3126,31
P31C,0.8971,31
P31G,0.7314,31
P31A,0.4552,31
P31V,0.7219,31
P31L,0.3898,31
P31I,0.8126,31
P31M,0.8654,31
P31P,0.0027,31
P31Y,0.8612,31
P31F,0.8463,31
P31W,0.9432,31
L32K,0.9857,32
L32R,0.9735,32
L32H,0.9685,32
L32E,0.9878,32
L32D,0.9944,32
L32N,0.9872,32
L32Q,0.9577,32
L32T,0.9167,32
L32S,0.9523,32
L32C,0.955,32
L32G,0.981,32
L32A,0.8932,32
L32V,0.3049,32
L32L,0.0027,32
L32I,0.2614,32
L32M,0.4879,32
L32P,0.9396,32
L32Y,0.9603,32
L32F,0.5326,32
L32W,0.9627,32
M33K,0.387,33
M33R,0.4215,33
M33H,0.397,33
M33E,0.5812,33
M33D,0.7756,33
M33N,0.3203,33
M33Q,0.2803,33
M33T,0.0268,33
M33S,0.1045,33
M33C,0.5928,33
M33G,0.4745,33
M33A,0.1408,33
M33V,0.0423,33
M33L,0.0524,33
M33I,0.0543,33
M33M,0.0027,33
M33P,0.8242,33
M33Y,0.4258,33
M33F,0.2022,33
M33W,0.6282,33
V34K,0.9865,34
V34R,0.9875,34
V34H,0.9895,34
V34E,0.978,34
V34D,0.9887,34
V34N,0.9724,34
V34Q,0.9842,34
V34T,0.5519,34
V34S,0.8825,34
V34C,0.8351,34
V34G,0.9375,34
V34A,0.4671,34
V34V,0.0027,34
V34L,0.4552,34
V34I,0.1193,34
V34M,0.5073,34
V34P,0.9697,34
V34Y,0.9852,34
V34F,0.8301,34
V34W,0.9896,34
K35K,0.0027,35
K35R,0.0918,35
K35H,0.5651,35
K35E,0.7996,35
K35D,0.9438,35
K35N,0.5593,35
K35Q,0.4171,35
K35T,0.5666,35
K35S,0.6071,35
K35C,0.9237,35
K35G,0.8619,35
K35A,0.8224,35
K35V,0.8576,35
K35L,0.8005,35
K35I,0.8729,35
K35M,0.7798,35
K35P,0.9739,35
K35Y,0.8914,35
K35F,0.9379,35
K35W,0.9207,35
V36K,0.9889,36
V36R,0.9904,36
V36H,0.9894,36
V36E,0.9742,36
V36D,0.9872,36
V36N,0.975,36
V36Q,0.9822,36
V36T,0.6448,36
V36S,0.9061,36
V36C,0.9051,36
V36G,0.9518,36
V36A,0.5637,36
V36V,0.0027,36
V36L,0.3856,36
V36I,0.0671,36
V36M,0.4273,36
V36P,0.9757,36
V36Y,0.9837,36
V36F,0.8276,36
V36W,0.9928,36
L37K,0.9336,37
L37R,0.8793,37
L37H,0.8162,37
L37E,0.9614,37
L37D,0.9836,37
L37N,0.9091,37
L37Q,0.7564,37
L37T,0.7808,37
L37S,0.8062,37
L37C,0.9274,37
L37G,0.9596,37
L37A,0.8447,37
L37V,0.4113,37
L37L,0.0027,37
L37I,0.4273,37
L37M,0.3255,37
L37P,0.9529,37
L37Y,0.7553,37
L37F,0.3619,37
L37W,0.8768,37
D38K,0.983,38
D38R,0.9899,38
D38H,0.9253,38
D38E,0.7086,38
D38D,0.0027,38
D38N,0.4612,38
D38Q,0.9671,38
D38T,0.9801,38
D38S,0.8937,38
D38C,0.9758,38
D38G,0.9198,38
D38A,0.9642,38
D38V,0.975,38
D38L,0.9906,38
D38I,0.9877,38
D38M,0.9941,38
D38P,0.9975,38
D38Y,0.9677,38
D38F,0.9909,38
D38W,0.9969,38
A39K,0.8867,39
A39R,0.8668,39
A39H,0.8626,39
A39E,0.8384,39
A39D,0.8501,39
A39N,0.6407,39
A39Q,0.8463,39
A39T,0.0879,39
A39S,0.1193,39
A39C,0.7777,39
A39G,0.4113,39
A39A,0.0027,39
A39V,0.1475,39
A39L,0.6113,39
A39I,0.5593,39
A39M,0.587,39
A39P,0.8233,39
A39Y,0.8937,39
A39F,0.7746,39
A39W,0.946,39
V40K,0.8554,40
V40R,0.8463,40
V40H,0.8709,40
V40E,0.8424,40
V40D,0.8867,40
V40N,0.7441,40
V40Q,0.8162,40
V40T,0.3229,40
V40S,0.4612,40
V40C,0.8926,40
V40G,0.6999,40
V40A,0.19,40
V40V,0.0027,40
V40L,0.219,40
V40I,0.1079,40
V40M,0.2755,40
V40P,0.912,40
V40Y,0.8812,40
V40F,0.6885,40
V40W,0.9518,40
R41K,0.075,41
R41R,0.0027,41
R41H,0.2401,41
R41E,0.7948,41
R41D,0.8867,41
R41N,0.5415,41
R41Q,0.213,41
R41T,0.5207,41
R41S,0.4376,41
R41C,0.7302,41
R41G,0.6807,41
R41A,0.6936,41
R41V,0.7957,41
R41L,0.6676,41
R41I,0.8242,41
R41M,0.7384,41
R41P,0.956,41
R41Y,0.8392,41
R41F,0.8943,41
R41W,0.8532,41
G42K,0.951,42
G42R,0.8837,42
G42H,0.966,42
G42E,0.9158,42
G42D,0.904,42
G42N,0.9096,42
G42Q,0.9605,42
G42T,0.949,42
G42S,0.7098,42
G42C,0.9189,42
G42G,0.0027,42
G42A,0.7818,42
G42V,0.9526,42
G42L,0.9739,42
G42I,0.9846,42
G42M,0.9811,42
G42P,0.9904,42
G42Y,0.984,42
G42F,0.9867,42
G42W,0.9771,42
S43K,0.2815,43
S43R,0.2755,43
S43H,0.3482,43
S43E,0.4142,43
S43D,0.4493,43
S43N,0.1102,43
S43Q,0.2875,43
S43T,0.046,43
S43S,0.0027,43
S43C,0.6529,43
S43G,0.2337,43
S43A,0.0833,43
S43V,0.1984,43
S43L,0.1863,43
S43I,0.31,43
S43M,0.3468,43
S43P,0.7662,43
S43Y,0.5445,43
S43F,0.4552,43
S43W,0.8343,43
P44K,0.9207,44
P44R,0.8471,44
P44H,0.8408,44
P44E,0.9328,44
P44D,0.9631,44
P44N,0.9051,44
P44Q,0.7918,44
P44T,0.7486,44
P44S,0.4999,44
P44C,0.9582,44
P44G,0.6529,44
P44A,0.4361,44
P44V,0.7996,44
P44L,0.7159,44
P44I,0.911,44
P44M,0.9332,44
P44P,0.0027,44
P44Y,0.9432,44
P44F,0.9332,44
P44W,0.985,44
A45K,0.9769,45
A45R,0.9666,45
A45H,0.9841,45
A45E,0.9402,45
A45D,0.9658,45
A45N,0.9638,45
A45Q,0.9738,45
A45T,0.6379,45
A45S,0.587,45
A45C,0.8987,45
A45G,0.3591,45
A45A,0.0027,45
A45V,0.4716,45
A45L,0.8819,45
A45I,0.8849,45
A45M,0.911,45
A45P,0.9478,45
A45Y,0.9869,45
A45F,0.9754,45
A45W,0.992,45
I46K,0.044,46
I46R,0.0561,46
I46H,0.1012,46
I46E,0.0552,46
I46D,0.0985,46
I46N,0.0698,46
I46Q,0.0594,46
I46T,0.0176,46
I46S,0.0268,46
I46C,0.3139,46
I46G,0.0358,46
I46A,0.0122,46
I46V,0.008,46
I46L,0.0521,46
I46I,0.0027,46
I46M,0.0653,46
I46P,0.0312,46
I46Y,0.2315,46
I46F,0.1438,46
I46W,0.4627,46
N47K,0.2315,47
N47R,0.3927,47
N47H,0.3177,47
N47E,0.2839,47
N47D,0.0624,47
N47N,0.0027,47
N47Q,0.3295,47
N47T,0.4999,47
N47S,0.0788,47
N47C,0.8873,47
N47G,0.0726,47
N47A,0.3037,47
N47V,0.7475,47
N47L,0.631,47
N47I,0.8855,47
N47M,0.7314,47
N47P,0.8043,47
N47Y,0.7171,47
N47F,0.7564,47
N47W,0.8861,47
V48K,0.9616,48
V48R,0.9552,48
V48H,0.9636,48
V48E,0.9438,48
V48D,0.9742,48
V48N,0.9562,48
V48Q,0.9305,48
V48T,0.5193,48
V48S,0.864,48
V48C,0.8998,48
V48G,0.946,48
V48A,0.4361,48
V48V,0.0027,48
V48L,0.2003,48
V48I,0.1096,48
V48M,0.2974,48
V48P,0.9612,48
V48Y,0.9603,48
V48F,0.8259,48
V48W,0.9875,48
A49K,0.3295,49
A49R,0.442,49
A49H,0.4405,49
A49E,0.2568,49
A49D,0.2839,49
A49N,0.2523,49
A49Q,0.3229,49
A49T,0.059,49
A49S,0.0913,49
A49C,0.8654,49
A49G,0.1783,49
A49A,0.0027,49
A49V,0.0894,49
A49L,0.2534,49
A49I,0.3828,49
A49M,0.42,49
A49P,0.1672,49
A49Y,0.7011,49
A49F,0.5666,49
A49W,0.8654,49
V50K,0.9851,50
V50R,0.9834,50
V50H,0.9809,50
V50E,0.976,50
V50D,0.9858,50
V50N,0.9779,50
V50Q,0.9812,50
V50T,0.5985,50
V50S,0.8793,50
V50C,0.8392,50
V50G,0.9389,50
V50A,0.4671,50
V50V,0.0027,50
V50L,0.29,50
V50I,0.0856,50
V50M,0.4523,50
V50P,0.969,50
V50Y,0.9591,50
V50F,0.8117,50
V50W,0.9881,50
H51K,0.0521,51
H51R,0.0362,51
H51H,0.0027,51
H51E,0.211,51
H51D,0.2962,51
H51N,0.0653,51
H51Q,0.0377,51
H51T,0.0828,51
H51S,0.0617,51
H51C,0.442,51
H51G,0.2614,51
H51A,0.174,51
H51V,0.2839,51
H51L,0.1993,51
H51I,0.3842,51
H51M,0.3348,51
H51P,0.8171,51
H51Y,0.1631,51
H51F,0.3757,51
H51W,0.5739,51
V52K,0.9785,52
V52R,0.969,52
V52H,0.9747,52
V52E,0.9724,52
V52D,0.9874,52
V52N,0.9756,52
V52Q,0.966,52
V52T,0.6859,52
V52S,0.8943,52
V52C,0.8855,52
V52G,0.9419,52
V52A,0.4939,52
V52V,0.0027,52
V52L,0.0913,52
V52I,0.0474,52
V52M,0.3024,52
V52P,0.9634,52
V52Y,0.9515,52
V52F,0.6663,52
V52W,0.9712,52
F53K,0.7135,53
F53R,0.6475,53
F53H,0.2284,53
F53E,0.7736,53
F53D,0.7938,53
F53N,0.5445,53
F53Q,0.5593,53
F53T,0.4999,53
F53S,0.1984,53
F53C,0.6623,53
F53G,0.7586,53
F53A,0.5163,53
F53V,0.6113,53
F53L,0.1257,53
F53I,0.6859,53
F53M,0.4317,53
F53P,0.9664,53
F53Y,0.0543,53
F53F,0.0027,53
F53W,0.4865,53
R54K,0.0423,54
R54R,0.0027,54
R54H,0.0706,54
R54E,0.6703,54
R54D,0.9487,54
R54N,0.5913,54
R54Q,0.105,54
R54T,0.6142,54
R54S,0.4924,54
R54C,0.5043,54
R54G,0.7338,54
R54A,0.6703,54
R54V,0.6475,54
R54L,0.5103,54
R54I,0.7086,54
R54M,0.617,54
R54P,0.956,54
R54Y,0.6936,54
R54F,0.818,54
R54W,0.7061,54
K55K,0.0027,55
K55R,0.1079,55
K55H,0.543,55
K55E,0.5401,55
K55D,0.8793,55
K55N,0.5942,55
K55Q,0.1731,55
K55T,0.7135,55
K55S,0.5841,55
K55C,0.9066,55
K55G,0.7996,55
K55A,0.665,55
K55V,0.7349,55
K55L,0.5622,55
K55I,0.8053,55
K55M,0.6184,55
K55P,0.8715,55
K55Y,0.8937,55
K55F,0.9253,55
K55W,0.9009,55
A56K,0.1352,56
A56R,0.1757,56
A56H,0.3523,56
A56E,0.2478,56
A56D,0.3242,56
A56N,0.1187,56
A56Q,0.2061,56
A56T,0.0638,56
A56S,0.0683,56
A56C,0.6986,56
A56G,0.0959,56
A56A,0.0027,56
A56V,0.1108,56
A56L,0.2369,56
A56I,0.3632,56
A56M,0.3374,56
A56P,0.7725,56
A56Y,0.6282,56
A56F,0.5754,56
A56W,0.8447,56
A57K,0.1583,57
A57R,0.3468,57
A57H,0.387,57
A57E,0.1001,57
A57D,0.1187,57
A57N,0.1918,57
A57Q,0.2211,57
A57T,0.0594,57
A57S,0.0543,57
A57C,0.7828,57
A57G,0.0846,57
A57A,0.0027,57
A57V,0.0879,57
A57L,0.3113,57
A57I,0.42,57
A57M,0.4894,57
A57P,0.1138,57
A57Y,0.657,57
A57F,0.5812,57
A57W,0.8384,57
D58K,0.543,58
D58R,0.7725,58
D58H,0.669,58
D58E,0.189,58
D58D,0.0027,58
D58N,0.0784,58
D58Q,0.6113,58
D58T,0.4434,58
D58S,0.2614,58
D58C,0.927,58
D58G,0.215,58
D58A,0.4258,58
D58V,0.7314,58
D58L,0.8301,58
D58I,0.8598,58
D58M,0.8742,58
D58P,0.7948,58
D58Y,0.8605,58
D58F,0.8954,58
D58W,0.9625,58
D59K,0.1697,59
D59R,0.3482,59
D59H,0.3152,59
D59E,0.0452,59
D59D,0.0027,59
D59N,0.0362,59
D59Q,0.214,59
D59T,0.3509,59
D59S,0.1079,59
D59C,0.8267,59
D59G,0.0315,59
D59A,0.2534,59
D59V,0.6407,59
D59L,0.5519,59
D59I,0.8015,59
D59M,0.6833,59
D59P,0.8849,59
D59Y,0.6529,59
D59F,0.7073,59
D59W,0.8626,59
T60K,0.1001,60
T60R,0.2263,60
T60H,0.355,60
T60E,0.31,60
T60D,0.4027,60
T60N,0.1706,60
T60Q,0.2791,60
T60T,0.0027,60
T60S,0.025,60
T60C,0.8126,60
T60G,0.2696,60
T60A,0.075,60
T60V,0.209,60
T60L,0.3441,60
T60I,0.2284,60
T60M,0.2614,60
T60P,0.7349,60
T60Y,0.7159,60
T60F,0.6623,60
T60W,0.9096,60
W61K,0.9658,61
W61R,0.8914,61
W61H,0.9354,61
W61E,0.966,61
W61D,0.9742,61
W61N,0.9701,61
W61Q,0.9555,61
W61T,0.9472,61
W61S,0.8987,61
W61C,0.9171,61
W61G,0.9406,61
W61A,0.9463,61
W61V,0.9233,61
W61L,0.8326,61
W61I,0.955,61
W61M,0.9361,61
W61P,0.9646,61
W61Y,0.669,61
W61F,0.6056,61
W61W,0.0027,61
E62K,0.0533,62
E62R,0.2767,62
E62H,0.3509,62
E62E,0.0027,62
E62D,0.1244,62
E62N,0.2974,62
E62Q,0.0913,62
E62T,0.1445,62
E62S,0.239,62
E62C,0.9125,62
E62G,0.4538,62
E62A,0.1974,62
E62V,0.1854,62
E62L,0.3088,62
E62I,0.2987,62
E62M,0.3998,62
E62P,0.8787,62
E62Y,0.6948,62
E62F,0.7061,62
E62W,0.8774,62
P63K,0.1132,63
P63R,0.213,63
P63H,0.1881,63
P63E,0.138,63
P63D,0.3024,63
P63N,0.2591,63
P63Q,0.0964,63
P63T,0.131,63
P63S,0.0555,63
P63C,0.7715,63
P63G,0.3674,63
P63A,0.0726,63
P63V,0.1774,63
P63L,0.0546,63
P63I,0.3455,63
P63M,0.3415,63
P63P,0.0027,63
P63Y,0.5607,63
P63F,0.4969,63
P63W,0.8024,63
F64K,0.8171,64
F64R,0.7553,64
F64H,0.631,64
F64E,0.9115,64
F64D,0.9429,64
F64N,0.9215,64
F64Q,0.7918,64
F64T,0.7372,64
F64S,0.7183,64
F64C,0.8043,64
F64G,0.9305,64
F64A,0.6637,64
F64V,0.1955,64
F64L,0.0584,64
F64I,0.1689,64
F64M,0.3523,64
F64P,0.9498,64
F64Y,0.3828,64
F64F,0.0027,64
F64W,0.7586,64
A65K,0.571,65
A65R,0.665,65
A65H,0.7255,65
A65E,0.6489,65
A65D,0.6543,65
A65N,0.5073,65
A65Q,0.7207,65
A65T,0.0714,65
A65S,0.0954,65
A65C,0.7586,65
A65G,0.3088,65
A65A,0.0027,65
A65V,0.1387,65
A65L,0.5622,65
A65I,0.5043,65
A65M,0.6434,65
A65P,0.8335,65
A65Y,0.7746,65
A65F,0.669,65
A65W,0.918,65
S66K,0.258,66
S66R,0.3415,66
S66H,0.4449,66
S66E,0.2937,66
S66D,0.3941,66
S66N,0.1836,66
S66Q,0.3269,66
S66T,0.0493,66
S66S,0.0027,66
S66C,0.7302,66
S66G,0.3242,66
S66A,0.1138,66
S66V,0.2061,66
S66L,0.319,66
S66I,0.3348,66
S66M,0.4258,66
S66P,0.7651,66
S66Y,0.6212,66
S66F,0.4686,66
S66W,0.7818,66
G67K,0.7608,67
G67R,0.6529,67
G67H,0.8954,67
G67E,0.6974,67
G67D,0.6351,67
G67N,0.7302,67
G67Q,0.8524,67
G67T,0.7629,67
G67S,0.3441,67
G67C,0.8661,67
G67G,0.0027,67
G67A,0.4171,67
G67V,0.8053,67
G67L,0.8971,67
G67I,0.9324,67
G67M,0.9249,67
G67P,0.9741,67
G67Y,0.9441,67
G67F,0.9472,67
G67W,0.9372,67
K68K,0.0027,68
K68R,0.0754,68
K68H,0.3482,68
K68E,0.3455,68
K68D,0.6961,68
K68N,0.2924,68
K68Q,0.211,68
K68T,0.1317,68
K68S,0.2557,68
K68C,0.8742,68
K68G,0.6859,68
K68A,0.3496,68
K68V,0.239,68
K68L,0.3049,68
K68I,0.3401,68
K68M,0.3496,68
K68P,0.7509,68
K68Y,0.6923,68
K68F,0.665,68
K68W,0.8524,68
T69K,0.9772,69
T69R,0.9781,69
T69H,0.9889,69
T69E,0.9853,69
T69D,0.984,69
T69N,0.9507,69
T69Q,0.9868,69
T69T,0.0027,69
T69S,0.4288,69
T69C,0.8903,69
T69G,0.9429,69
T69A,0.6448,69
T69V,0.7756,69
T69L,0.8735,69
T69I,0.8153,69
T69M,0.8392,69
T69P,0.9454,69
T69Y,0.9898,69
T69F,0.9727,69
T69W,0.9954,69
S70K,0.4056,70
S70R,0.4376,70
S70H,0.5695,70
S70E,0.5651,70
S70D,0.0683,70
S70N,0.021,70
S70Q,0.5681,70
S70T,0.1017,70
S70S,0.0027,70
S70C,0.8486,70
S70G,0.1257,70
S70A,0.2242,70
S70V,0.5739,70
S70L,0.473,70
S70I,0.7464,70
S70M,0.6716,70
S70P,0.8368,70
S70Y,0.7291,70
S70F,0.7073,70
S70W,0.8761,70
E71K,0.152,71
E71R,0.5252,71
E71H,0.4157,71
E71E,0.0027,71
E71D,0.0394,71
E71N,0.214,71
E71Q,0.189,71
E71T,0.2568,71
E71S,0.1423,71
E71C,0.9245,71
E71G,0.1607,71
E71A,0.1006,71
E71V,0.31,71
E71L,0.442,71
E71I,0.5207,71
E71M,0.5985,71
E71P,0.266,71
E71Y,0.7123,71
E71F,0.7255,71
E71W,0.8688,71
S72K,0.2221,72
S72R,0.2568,72
S72H,0.3037,72
S72E,0.3024,72
S72D,0.2369,72
S72N,0.0571,72
S72Q,0.266,72
S72T,0.0555,72
S72S,0.0027,72
S72C,0.7135,72
S72G,0.1672,72
S72A,0.1028,72
S72V,0.2614,72
S72L,0.2337,72
S72I,0.387,72
S72M,0.3415,72
S72P,0.7777,72
S72Y,0.476,72
S72F,0.4084,72
S72W,0.7531,72
G73K,0.9803,73
G73R,0.9557,73
G73H,0.9808,73
G73E,0.9406,73
G73D,0.9305,73
G73N,0.9584,73
G73Q,0.9825,73
G73T,0.9638,73
G73S,0.7808,73
G73C,0.9298,73
G73G,0.0027,73
G73A,0.84,73
G73V,0.9529,73
G73L,0.9819,73
G73I,0.9883,73
G73M,0.9854,73
G73P,0.9909,73
G73Y,0.9838,73
G73F,0.9823,73
G73W,0.9685,73
E74K,0.6936,74
E74R,0.88,74
E74H,0.7818,74
E74E,0.0027,74
E74D,0.2888,74
E74N,0.7694,74
E74Q,0.4493,74
E74T,0.6729,74
E74S,0.6807,74
E74C,0.9677,74
E74G,0.7338,74
E74A,0.6212,74
E74V,0.5812,74
E74L,0.7486,74
E74I,0.7326,74
E74M,0.743,74
E74P,0.979,74
E74Y,0.8688,74
E74F,0.8612,74
E74W,0.9515,74
L75K,0.9472,75
L75R,0.9457,75
L75H,0.9286,75
L75E,0.961,75
L75D,0.98,75
L75N,0.9412,75
L75Q,0.8937,75
L75T,0.7542,75
L75S,0.8675,75
L75C,0.8903,75
L75G,0.935,75
L75A,0.7326,75
L75V,0.1467,75
L75L,0.0027,75
L75I,0.1408,75
L75M,0.3126,75
L75P,0.8993,75
L75Y,0.9171,75
L75F,0.3842,75
L75W,0.9237,75
H76K,0.266,76
H76R,0.1513,76
H76H,0.0027,76
H76E,0.4493,76
H76D,0.5178,76
H76N,0.2284,76
H76Q,0.1607,76
H76T,0.3139,76
H76S,0.2242,76
H76C,0.7938,76
H76G,0.4716,76
H76A,0.3646,76
H76V,0.4084,76
H76L,0.3269,76
H76I,0.4656,76
H76M,0.571,76
H76P,0.4361,76
H76Y,0.2242,76
H76F,0.4171,76
H76W,0.7195,76
G77K,0.5163,77
G77R,0.482,77
G77H,0.5563,77
G77E,0.3012,77
G77D,0.2041,77
G77N,0.3037,77
G77Q,0.5386,77
G77T,0.5607,77
G77S,0.2242,77
G77C,0.8259,77
G77G,0.0027,77
G77A,0.3729,77
G77V,0.6543,77
G77L,0.7231,77
G77I,0.7996,77
G77M,0.7715,77
G77P,0.8062,77
G77Y,0.8053,77
G77F,0.8293,77
G77W,0.8486,77
L78K,0.961,78
L78R,0.9531,78
L78H,0.9365,78
L78E,0.9792,78
L78D,0.9897,78
L78N,0.9791,78
L78Q,0.9266,78
L78T,0.911,78
L78S,0.9258,78
L78C,0.9616,78
L78G,0.9825,78
L78A,0.927,78
L78V,0.624,78
L78L,0.0027,78
L78I,0.4346,78
L78M,0.4745,78
L78P,0.9101,78
L78Y,0.911,78
L78F,0.4745,78
L78W,0.9176,78
T79K,0.7219,79
T79R,0.7928,79
T79H,0.8612,79
T79E,0.8626,79
T79D,0.8682,79
T79N,0.6071,79
T79Q,0.8486,79
T79T,0.0027,79
T79S,0.216,79
T79C,0.7986,79
T79G,0.7049,79
T79A,0.1965,79
T79V,0.4567,79
T79L,0.6434,79
T79I,0.4157,79
T79M,0.4099,79
T79P,0.7629,79
T79Y,0.903,79
T79F,0.8408,79
T79W,0.9537,79
T80K,0.3702,80
T80R,0.4909,80
T80H,0.7314,80
T80E,0.6407,80
T80D,0.6393,80
T80N,0.3828,80
T80Q,0.6936,80
T80T,0.0027,80
T80S,0.115,80
T80C,0.8509,80
T80G,0.4954,80
T80A,0.1863,80
T80V,0.5178,80
T80L,0.6028,80
T80I,0.5029,80
T80M,0.4056,80
T80P,0.6099,80
T80Y,0.8861,80
T80F,0.8392,80
T80W,0.9454,80
E81K,0.081,81
E81R,0.3856,81
E81H,0.4984,81
E81E,0.0027,81
E81D,0.1045,81
E81N,0.3536,81
E81Q,0.1792,81
E81T,0.3591,81
E81S,0.3242,81
E81C,0.9298,81
E81G,0.3164,81
E81A,0.1809,81
E81V,0.38,81
E81L,0.546,81
E81I,0.669,81
E81M,0.5985,81
E81P,0.3674,81
E81Y,0.8117,81
E81F,0.8626,81
E81W,0.903,81
E82K,0.2294,82
E82R,0.6936,82
E82H,0.6794,82
E82E,0.0027,82
E82D,0.0738,82
E82N,0.442,82
E82Q,0.2614,82
E82T,0.5103,82
E82S,0.4567,82
E82C,0.9773,82
E82G,0.3828,82
E82A,0.3075,82
E82V,0.6379,82
E82L,0.7715,82
E82I,0.859,82
E82M,0.8043,82
E82P,0.8215,82
E82Y,0.896,82
E82F,0.9278,82
E82W,0.9621,82
E83K,0.1623,83
E83R,0.4332,83
E83H,0.3814,83
E83E,0.0027,83
E83D,0.0702,83
E83N,0.2284,83
E83Q,0.1218,83
E83T,0.4346,83
E83S,0.3814,83
E83C,0.9153,83
E83G,0.3941,83
E83A,0.3564,83
E83V,0.5812,83
E83L,0.5999,83
E83I,0.7564,83
E83M,0.5666,83
E83P,0.7219,83
E83Y,0.743,83
E83F,0.8647,83
E83W,0.9194,83
F84K,0.9796,84
F84R,0.9591,84
F84H,0.8715,84
F84E,0.9877,84
F84D,0.9825,84
F84N,0.9577,84
F84Q,0.9646,84
F84T,0.9194,84
F84S,0.8903,84
F84C,0.8709,84
F84G,0.9712,84
F84A,0.911,84
F84V,0.7859,84
F84L,0.3088,84
F84I,0.7683,84
F84M,0.7314,84
F84P,0.9562,84
F84Y,0.543,84
F84F,0.0027,84
F84W,0.8932,84
V85K,0.1845,85
V85R,0.3496,85
V85H,0.4361,85
V85E,0.2827,85
V85D,0.5193,85
V85N,0.3523,85
V85Q,0.2684,85
V85T,0.0954,85
V85S,0.1955,85
V85C,0.7651,85
V85G,0.4835,85
V85A,0.0949,85
V85V,0.0027,85
V85L,0.1583,85
V85I,0.0577,85
V85M,0.1317,85
V85P,0.5724,85
V85Y,0.669,85
V85F,0.4493,85
V85W,0.8787,85
E86K,0.2412,86
E86R,0.6461,86
E86H,0.5826,86
E86E,0.0027,86
E86D,0.0874,86
E86N,0.3269,86
E86Q,0.2637,86
E86T,0.4171,86
E86S,0.3428,86
E86C,0.9019,86
E86G,0.3335,86
E86A,0.2284,86
E86V,0.5118,86
E86L,0.7361,86
E86I,0.7787,86
E86M,0.8015,86
E86P,0.4041,86
E86Y,0.8583,86
E86F,0.9061,86
E86W,0.9607,86
G87K,0.9475,87
G87R,0.911,87
G87H,0.9666,87
G87E,0.8855,87
G87D,0.7608,87
G87N,0.8408,87
G87Q,0.9636,87
G87T,0.9148,87
G87S,0.5651,87
G87C,0.9144,87
G87G,0.0027,87
G87A,0.6974,87
G87V,0.9565,87
G87L,0.9817,87
G87I,0.9872,87
G87M,0.9786,87
G87P,0.9941,87
G87Y,0.9789,87
G87F,0.9843,87
G87W,0.9681,87
I88K,0.5913,88
I88R,0.6434,88
I88H,0.6676,88
I88E,0.5913,88
I88D,0.7098,88
I88N,0.5563,88
I88Q,0.5826,88
I88T,0.1073,88
I88S,0.4317,88
I88C,0.8424,88
I88G,0.7564,88
I88A,0.2949,88
I88V,0.022,88
I88L,0.099,88
I88I,0.0027,88
I88M,0.1845,88
I88P,0.7746,88
I88Y,0.7024,88
I88F,0.4186,88
I88W,0.8675,88
Y89K,0.9922,89
Y89R,0.9834,89
Y89H,0.6846,89
Y89E,0.9928,89
Y89D,0.9863,89
Y89N,0.9584,89
Y89Q,0.9779,89
Y89T,0.9722,89
Y89S,0.9582,89
Y89C,0.8695,89
Y89G,0.9842,89
Y89A,0.975,89
Y89V,0.9472,89
Y89L,0.9148,89
Y89I,0.9629,89
Y89M,0.9814,89
Y89P,0.9952,89
Y89Y,0.0027,89
Y89F,0.3632,89
Y89W,0.9262,89
K90K,0.0027,90
K90R,0.1993,90
K90H,0.8688,90
K90E,0.9139,90
K90D,0.988,90
K90N,0.88,90
K90Q,0.6986,90
K90T,0.9134,90
K90S,0.8688,90
K90C,0.9798,90
K90G,0.9575,90
K90A,0.9365,90
K90V,0.9618,90
K90L,0.9274,90
K90I,0.9562,90
K90M,0.8647,90
K90P,0.9954,90
K90Y,0.9784,90
K90F,0.9865,90
K90W,0.9826,90
V91K,0.966,91
V91R,0.9634,91
V91H,0.9666,91
V91E,0.9481,91
V91D,0.9784,91
V91N,0.9572,91
V91Q,0.9392,91
V91T,0.5386,91
V91S,0.8259,91
V91C,0.8392,91
V91G,0.9167,91
V91A,0.3455,91
V91V,0.0027,91
V91L,0.1199,91
V91I,0.0587,91
V91M,0.1401,91
V91P,0.9495,91
V91Y,0.9368,91
V91F,0.6212,91
V91W,0.9534,91
E92K,0.407,92
E92R,0.7279,92
E92H,0.6212,92
E92E,0.0027,92
E92D,0.2305,92
E92N,0.6502,92
E92Q,0.2863,92
E92T,0.6898,92
E92S,0.6407,92
E92C,0.956,92
E92G,0.7418,92
E92A,0.642,92
E92V,0.6028,92
E92L,0.7564,92
E92I,0.809,92
E92M,0.7898,92
E92P,0.9906,92
E92Y,0.892,92
E92F,0.9139,92
E92W,0.9526,92
I93K,0.9656,93
I93R,0.9596,93
I93H,0.8781,93
I93E,0.9704,93
I93D,0.9753,93
I93N,0.956,93
I93Q,0.9438,93
I93T,0.571,93
I93S,0.8668,93
I93C,0.7767,93
I93G,0.9245,93
I93A,0.6516,93
I93V,0.0564,93
I93L,0.0779,93
I93I,0.0027,93
I93M,0.1937,93
I93P,0.9189,93
I93Y,0.6296,93
I93F,0.0706,93
I93W,0.8343,93
D94K,0.8478,94
D94R,0.9454,94
D94H,0.7767,94
D94E,0.2231,94
D94D,0.0027,94
D94N,0.2284,94
D94Q,0.7898,94
D94T,0.8903,94
D94S,0.7509,94
D94C,0.9744,94
D94G,0.7338,94
D94A,0.7828,94
D94V,0.8755,94
D94L,0.9274,94
D94I,0.9372,94
D94M,0.9584,94
D94P,0.9529,94
D94Y,0.8982,94
D94F,0.946,94
D94W,0.9835,94
T95K,0.9402,95
T95R,0.9512,95
T95H,0.9584,95
T95E,0.9662,95
T95D,0.9685,95
T95N,0.8661,95
T95Q,0.9629,95
T95T,0.0027,95
T95S,0.473,95
T95C,0.8774,95
T95G,0.8926,95
T95A,0.4346,95
T95V,0.6071,95
T95L,0.8259,95
T95I,0.6128,95
T95M,0.7231,95
T95P,0.7977,95
T95Y,0.9745,95
T95F,0.9623,95
T95W,0.9865,95
K96K,0.0027,96
K96R,0.1132,96
K96H,0.4376,96
K96E,0.2974,96
K96D,0.5754,96
K96N,0.2731,96
K96Q,0.2221,96
K96T,0.3308,96
K96S,0.2791,96
K96C,0.8926,96
K96G,0.3374,96
K96A,0.2369,96
K96V,0.587,96
K96L,0.6365,96
K96I,0.7662,96
K96M,0.6226,96
K96P,0.7279,96
K96Y,0.8478,96
K96F,0.8748,96
K96W,0.8524,96
S97K,0.38,97
S97R,0.4464,97
S97H,0.4493,97
S97E,0.3177,97
S97D,0.3242,97
S97N,0.1714,97
S97Q,0.3415,97
S97T,0.115,97
S97S,0.0027,97
S97C,0.8189,97
S97G,0.1231,97
S97A,0.0767,97
S97V,0.3716,97
S97L,0.3415,97
S97I,0.5666,97
S97M,0.5783,97
S97P,0.3814,97
S97Y,0.7135,97
S97F,0.669,97
S97W,0.8501,97
Y98K,0.9908,98
Y98R,0.9785,98
Y98H,0.7159,98
Y98E,0.9895,98
Y98D,0.984,98
Y98N,0.956,98
Y98Q,0.9725,98
Y98T,0.9702,98
Y98S,0.9507,98
Y98C,0.8709,98
Y98G,0.986,98
Y98A,0.9725,98
Y98V,0.9648,98
Y98L,0.9233,98
Y98I,0.976,98
Y98M,0.9808,98
Y98P,0.9928,98
Y98Y,0.0027,98
Y98F,0.546,98
Y98W,0.9451,98
W99K,0.9702,99
W99R,0.8873,99
W99H,0.9228,99
W99E,0.9861,99
W99D,0.9893,99
W99N,0.9719,99
W99Q,0.9575,99
W99T,0.9646,99
W99S,0.9224,99
W99C,0.8668,99
W99G,0.9454,99
W99A,0.9544,99
W99V,0.955,99
W99L,0.8654,99
W99I,0.9673,99
W99M,0.9305,99
W99P,0.9896,99
W99Y,0.6502,99
W99F,0.5103,99
W99W,0.0027,99
K100K,0.0027,100
K100R,0.125,100
K100H,0.5445,100
K100E,0.2523,100
K100D,0.5207,100
K100N,0.266,100
K100Q,0.1818,100
K100T,0.2949,100
K100S,0.3088,100
K100C,0.9215,100
K100G,0.4865,100
K100A,0.3913,100
K100V,0.6948,100
K100L,0.6184,100
K100I,0.7395,100
K100M,0.6379,100
K100P,0.9003,100
K100Y,0.9125,100
K100F,0.9361,100
K100W,0.9278,100
A101K,0.3716,101
A101R,0.4909,101
A101H,0.5267,101
A101E,0.3152,101
A101D,0.3743,101
A101N,0.2614,101
A101Q,0.3441,101
A101T,0.0698,101
A101S,0.0653,101
A101C,0.8722,101
A101G,0.1714,101
A101A,0.0027,101
A101V,0.213,101
A101L,0.4449,101
A101I,0.5754,101
A101M,0.5029,101
A101P,0.7231,101
A101Y,0.7808,101
A101F,0.7542,101
A101W,0.922,101
L102K,0.4317,102
L102R,0.4258,102
L102H,0.4835,102
L102E,0.7036,102
L102D,0.9025,102
L102N,0.5884,102
L102Q,0.3688,102
L102T,0.5593,102
L102S,0.5237,102
L102C,0.844,102
L102G,0.7908,102
L102A,0.4894,102
L102V,0.3037,102
L102L,0.0027,102
L102I,0.2863,102
L102M,0.1801,102
L102P,0.9215,102
L102Y,0.7061,102
L102F,0.4171,102
L102W,0.8099,102
G103K,0.3282,103
G103R,0.3702,103
G103H,0.5985,103
G103E,0.3688,103
G103D,0.2672,103
G103N,0.2696,103
G103Q,0.5401,103
G103T,0.8024,103
G103S,0.2557,103
G103C,0.8509,103
G103G,0.0027,103
G103A,0.5118,103
G103V,0.8702,103
G103L,0.8654,103
G103I,0.9507,103
G103M,0.8891,103
G103P,0.9542,103
G103Y,0.8932,103
G103F,0.9324,103
G103W,0.9372,103
I104K,0.5783,104
I104R,0.5797,104
I104H,0.5855,104
I104E,0.7147,104
I104D,0.8301,104
I104N,0.6781,104
I104Q,0.5695,104
I104T,0.266,104
I104S,0.5754,104
I104C,0.8392,104
I104G,0.7651,104
I104A,0.407,104
I104V,0.0471,104
I104L,0.0614,104
I104I,0.0027,104
I104M,0.1615,104
I104P,0.8793,104
I104Y,0.5622,104
I104F,0.3536,104
I104W,0.8376,104
S105K,0.3646,105
S105R,0.3913,105
S105H,0.5103,105
S105E,0.38,105
S105D,0.4157,105
S105N,0.174,105
S105Q,0.4258,105
S105T,0.0964,105
S105S,0.0027,105
S105C,0.7326,105
S105G,0.3913,105
S105A,0.1237,105
S105V,0.3771,105
S105L,0.3591,105
S105I,0.5148,105
S105M,0.5534,105
S105P,0.4376,105
S105Y,0.665,105
S105F,0.5607,105
S105W,0.825,105
P106K,0.9207,106
P106R,0.8539,106
P106H,0.8015,106
P106E,0.9253,106
P106D,0.9432,106
P106N,0.8903,106
P106Q,0.7651,106
P106T,0.5222,106
P106S,0.189,106
P106C,0.8509,106
P106G,0.8376,106
P106A,0.3605,106
P106V,0.752,106
P106L,0.5282,106
P106I,0.8532,106
P106M,0.8987,106
P106P,0.0027,106
P106Y,0.903,106
P106F,0.8742,106
P106W,0.9605,106
F107K,0.9922,107
F107R,0.984,107
F107H,0.9336,107
F107E,0.9926,107
F107D,0.99,107
F107N,0.976,107
F107Q,0.9801,107
F107T,0.9542,107
F107S,0.9324,107
F107C,0.9321,107
F107G,0.9865,107
F107A,0.9495,107
F107V,0.8242,107
F107L,0.4865,107
F107I,0.8301,107
F107M,0.8532,107
F107P,0.98,107
F107Y,0.6637,107
F107F,0.0027,107
F107W,0.9125,107
H108K,0.8993,108
H108R,0.6716,108
H108H,0.0027,108
H108E,0.9101,108
H108D,0.8873,108
H108N,0.6729,108
H108Q,0.5651,108
H108T,0.8675,108
H108S,0.7767,108
H108C,0.8259,108
H108G,0.9286,108
H108A,0.8897,108
H108V,0.8276,108
H108L,0.6407,108
H108I,0.8293,108
H108M,0.8932,108
H108P,0.9266,108
H108Y,0.0767,108
H108F,0.3496,108
H108W,0.8867,108
E109K,0.5899,109
E109R,0.8135,109
E109H,0.7279,109
E109E,0.0027,109
E109D,0.21,109
E109N,0.6663,109
E109Q,0.3955,109
E109T,0.7986,109
E109S,0.6986,109
E109C,0.9701,109
E109G,0.7195,109
E109A,0.711,109
E109V,0.8647,109
E109L,0.8647,109
E109I,0.9321,109
E109M,0.9176,109
E109P,0.8215,109
E109Y,0.9198,109
E109F,0.9526,109
E109W,0.9654,109
H110K,0.4999,110
H110R,0.2791,110
H110H,0.0027,110
H110E,0.6846,110
H110D,0.7597,110
H110N,0.355,110
H110Q,0.2937,110
H110T,0.4909,110
H110S,0.3729,110
H110C,0.743,110
H110G,0.7996,110
H110A,0.6365,110
H110V,0.5826,110
H110L,0.5118,110
H110I,0.6597,110
H110M,0.7418,110
H110P,0.8532,110
H110Y,0.0746,110
H110F,0.2937,110
H110W,0.7798,110
A111K,0.956,111
A111R,0.961,111
A111H,0.9607,111
A111E,0.9019,111
A111D,0.9357,111
A111N,0.9101,111
A111Q,0.9534,111
A111T,0.2779,111
A111S,0.4627,111
A111C,0.84,111
A111G,0.5489,111
A111A,0.0027,111
A111V,0.1583,111
A111L,0.7608,111
A111I,0.682,111
A111M,0.808,111
A111P,0.9278,111
A111Y,0.9529,111
A111F,0.8546,111
A111W,0.9782,111
E112K,0.5928,112
E112R,0.8633,112
E112H,0.7908,112
E112E,0.0027,112
E112D,0.2022,112
E112N,0.6846,112
E112Q,0.5088,112
E112T,0.7361,112
E112S,0.6716,112
E112C,0.9787,112
E112G,0.7586,112
E112A,0.6872,112
E112V,0.7898,112
E112L,0.8867,112
E112I,0.8937,112
E112M,0.9009,112
E112P,0.9176,112
E112Y,0.9198,112
E112F,0.9478,112
E112W,0.9722,112
V113K,0.9638,113
V113R,0.965,113
V113H,0.9656,113
V113E,0.9664,113
V113D,0.9848,113
V113N,0.9623,113
V113Q,0.9584,113
V113T,0.7171,113
V113S,0.9207,113
V113C,0.9228,113
V113G,0.9614,113
V113A,0.5163,113
V113V,0.0027,113
V113L,0.2294,113
V113I,0.0507,113
V113M,0.3229,113
V113P,0.9652,113
V113Y,0.9301,113
V113F,0.6113,113
V113W,0.9625,113
V114K,0.8682,114
V114R,0.8688,114
V114H,0.8879,114
V114E,0.7798,114
V114D,0.8998,114
V114N,0.8447,114
V114Q,0.8384,114
V114T,0.3295,114
V114S,0.6071,114
V114C,0.9105,114
V114G,0.8843,114
V114A,0.3509,114
V114V,0.0027,114
V114L,0.3255,114
V114I,0.0856,114
V114M,0.3401,114
V114P,0.8943,114
V114Y,0.8568,114
V114F,0.6597,114
V114W,0.9429,114
F115K,0.9946,115
F115R,0.9882,115
F115H,0.9753,115
F115E,0.9954,115
F115D,0.9952,115
F115N,0.9902,115
F115Q,0.9902,115
F115T,0.9725,115
F115S,0.9646,115
F115C,0.9321,115
F115G,0.9898,115
F115A,0.9603,115
F115V,0.7889,115
F115L,0.4552,115
F115I,0.7704,115
F115M,0.831,115
F115P,0.9908,115
F115Y,0.8351,115
F115F,0.0027,115
F115W,0.9309,115
T116K,0.4493,116
T116R,0.5297,116
T116H,0.6703,116
T116E,0.5563,116
T116D,0.6872,116
T116N,0.387,116
T116Q,0.6128,116
T116T,0.0027,116
T116S,0.1551,116
T116C,0.8831,116
T116G,0.6794,116
T116A,0.1909,116
T116V,0.3884,116
T116L,0.5899,116
T116I,0.2987,116
T116M,0.2974,116
T116P,0.809,116
T116Y,0.8267,116
T116F,0.8062,116
T116W,0.9274,116
A117K,0.8647,117
A117R,0.8682,117
A117H,0.8943,117
A117E,0.8376,117
A117D,0.8993,117
A117N,0.8408,117
A117Q,0.8965,117
A117T,0.1536,117
A117S,0.3177,117
A117C,0.8043,117
A117G,0.665,117
A117A,0.0027,117
A117V,0.1623,117
A117L,0.7123,117
A117I,0.6296,117
A117M,0.7608,117
A117P,0.7267,117
A117Y,0.9158,117
A117F,0.8517,117
A117W,0.9526,117
N118K,0.1257,118
N118R,0.2201,118
N118H,0.2201,118
N118E,0.1909,118
N118D,0.1199,118
N118N,0.0027,118
N118Q,0.2489,118
N118T,0.075,118
N118S,0.0262,118
N118C,0.6703,118
N118G,0.1373,118
N118A,0.1144,118
N118V,0.2637,118
N118L,0.3468,118
N118I,0.439,118
N118M,0.4361,118
N118P,0.3785,118
N118Y,0.5724,118
N118F,0.6014,118
N118W,0.7777,118
D119K,0.4538,119
D119R,0.6556,119
D119H,0.4745,119
D119E,0.0928,119
D119D,0.0027,119
D119N,0.125,119
D119Q,0.4671,119
D119T,0.4939,119
D119S,0.2949,119
D119C,0.8463,119
D119G,0.216,119
D119A,0.3591,119
D119V,0.5724,119
D119L,0.7672,119
D119I,0.7725,119
D119M,0.8463,119
D119P,0.6142,119
D119Y,0.7073,119
D119F,0.8376,119
D119W,0.9237,119
S120K,0.2456,120
S120R,0.2851,120
S120H,0.3729,120
S120E,0.2456,120
S120D,0.1918,120
S120N,0.1304,120
S120Q,0.2987,120
S120T,0.1023,120
S120S,0.0027,120
S120C,0.7061,120
S120G,0.1212,120
S120A,0.0754,120
S120V,0.2707,120
S120L,0.3216,120
S120I,0.4835,120
S120M,0.5267,120
S120P,0.3177,120
S120Y,0.5826,120
S120F,0.4865,120
S120W,0.7838,120
G121K,0.6014,121
G121R,0.4656,121
G121H,0.7586,121
G121E,0.4056,121
G121D,0.4056,121
G121N,0.5237,121
G121Q,0.6755,121
G121T,0.5695,121
G121S,0.217,121
G121C,0.8144,121
G121G,0.0027,121
G121A,0.3577,121
G121V,0.6071,121
G121L,0.7715,121
G121I,0.8517,121
G121M,0.8416,121
G121P,0.8376,121
G121Y,0.859,121
G121F,0.8768,121
G121W,0.8709,121
P122K,0.1881,122
P122R,0.19,122
P122H,0.125,122
P122E,0.2489,122
P122D,0.319,122
P122N,0.1656,122
P122Q,0.1079,122
P122T,0.1264,122
P122S,0.0415,122
P122C,0.6351,122
P122G,0.2305,122
P122A,0.0954,122
P122V,0.2263,122
P122L,0.0933,122
P122I,0.3468,122
P122M,0.387,122
P122P,0.0027,122
P122Y,0.4157,122
P122F,0.3941,122
P122W,0.7361,122
R123K,0.1045,123
R123R,0.0027,123
R123H,0.1231,123
R123E,0.661,123
R123D,0.7898,123
R123N,0.4464,123
R123Q,0.1225,123
R123T,0.5578,123
R123S,0.4215,123
R123C,0.7171,123
R123G,0.4346,123
R123A,0.6198,123
R123V,0.7338,123
R123L,0.6142,123
R123I,0.7651,123
R123M,0.7049,123
R123P,0.7207,123
R123Y,0.7326,123
R123F,0.831,123
R123W,0.7061,123
R124K,0.1001,124
R124R,0.0027,124
R124H,0.0338,124
R124E,0.691,124
R124D,0.8043,124
R124N,0.4376,124
R124Q,0.1156,124
R124T,0.4376,124
R124S,0.3062,124
R124C,0.7011,124
R124G,0.6198,124
R124A,0.5622,124
R124V,0.617,124
R124L,0.4508,124
R124I,0.631,124
R124M,0.6268,124
R124P,0.6296,124
R124Y,0.5548,124
R124F,0.6703,124
R124W,0.631,124
Y125K,0.9744,125
Y125R,0.9438,125
Y125H,0.5252,125
Y125E,0.9765,125
Y125D,0.9727,125
Y125N,0.918,125
Y125Q,0.9211,125
Y125T,0.9382,125
Y125S,0.9148,125
Y125C,0.859,125
Y125G,0.975,125
Y125A,0.9409,125
Y125V,0.8793,125
Y125L,0.7349,125
Y125I,0.8787,125
Y125M,0.9286,125
Y125P,0.9745,125
Y125Y,0.0027,125
Y125F,0.2557,125
Y125W,0.9167,125
T126K,0.7777,126
T126R,0.8015,126
T126H,0.7498,126
T126E,0.864,126
T126D,0.864,126
T126N,0.4924,126
T126Q,0.7597,126
T126T,0.0027,126
T126S,0.1536,126
T126C,0.8524,126
T126G,0.7314,126
T126A,0.2614,126
T126V,0.4775,126
T126L,0.6885,126
T126I,0.485,126
T126M,0.4449,126
T126P,0.7361,126
T126Y,0.88,126
T126F,0.8392,126
T126W,0.961,126
I127K,0.9575,127
I127R,0.9607,127
I127H,0.9598,127
I127E,0.969,127
I127D,0.9823,127
I127N,0.9623,127
I127Q,0.951,127
I127T,0.6198,127
I127S,0.922,127
I127C,0.9469,127
I127G,0.9475,127
I127A,0.5578,127
I127V,0.0381,127
I127L,0.1513,127
I127I,0.0027,127
I127M,0.2719,127
I127P,0.9134,127
I127Y,0.9317,127
I127F,0.5999,127
I127W,0.9688,127
A128K,0.8774,128
A128R,0.8735,128
A128H,0.8408,128
A128E,0.8702,128
A128D,0.9125,128
A128N,0.7464,128
A128Q,0.7879,128
A128T,0.0974,128
A128S,0.1505,128
A128C,0.8612,128
A128G,0.4909,128
A128A,0.0027,128
A128V,0.2875,128
A128L,0.7231,128
A128I,0.7683,128
A128M,0.6729,128
A128P,0.2546,128
A128Y,0.9081,128
A128F,0.8384,128
A128W,0.9623,128
A129K,0.964,129
A129R,0.965,129
A129H,0.9572,129
A129E,0.9422,129
A129D,0.964,129
A129N,0.9324,129
A129Q,0.9498,129
A129T,0.1723,129
A129S,0.4954,129
A129C,0.7407,129
A129G,0.6475,129
A129A,0.0027,129
A129V,0.053,129
A129L,0.3757,129
A129I,0.387,129
A129M,0.4894,129
A129P,0.831,129
A129Y,0.927,129
A129F,0.617,129
A129W,0.9654,129
L130K,0.9504,130
L130R,0.9448,130
L130H,0.9211,130
L130E,0.9712,130
L130D,0.9865,130
L130N,0.9577,130
L130Q,0.8903,130
L130T,0.7849,130
L130S,0.8774,130
L130C,0.957,130
L130G,0.9722,130
L130A,0.8335,130
L130V,0.3216,130
L130L,0.0027,130
L130I,0.3674,130
L130M,0.4538,130
L130P,0.9332,130
L130Y,0.9105,130
L130F,0.5193,130
L130W,0.9565,130
L131K,0.9852,131
L131R,0.9739,131
L131H,0.9648,131
L131E,0.9898,131
L131D,0.9944,131
L131N,0.9823,131
L131Q,0.9529,131
L131T,0.9148,131
L131S,0.9375,131
L131C,0.9425,131
L131G,0.98,131
L131A,0.9009,131
L131V,0.5163,131
L131L,0.0027,131
L131I,0.4567,131
L131M,0.4671,131
L131P,0.9419,131
L131Y,0.9582,131
L131F,0.5622,131
L131W,0.964,131
S132K,0.9139,132
S132R,0.8661,132
S132H,0.896,132
S132E,0.9504,132
S132D,0.9274,132
S132N,0.6099,132
S132Q,0.9035,132
S132T,0.3415,132
S132S,0.0027,132
S132C,0.8926,132
S132G,0.6703,132
S132A,0.4865,132
S132V,0.864,132
S132L,0.8005,132
S132I,0.9237,132
S132M,0.9139,132
S132P,0.8774,132
S132Y,0.9134,132
S132F,0.8675,132
S132W,0.9521,132
P133K,0.9484,133
P133R,0.9125,133
P133H,0.8855,133
P133E,0.9707,133
P133D,0.9784,133
P133N,0.946,133
P133Q,0.8568,133
P133T,0.8207,133
P133S,0.6226,133
P133C,0.9753,133
P133G,0.9294,133
P133A,0.6936,133
P133V,0.8993,133
P133L,0.7898,133
P133I,0.9396,133
P133M,0.9469,133
P133P,0.0027,133
P133Y,0.9636,133
P133F,0.9587,133
P133W,0.9857,133
Y134K,0.9396,134
Y134R,0.8825,134
Y134H,0.4405,134
Y134E,0.9547,134
Y134D,0.9375,134
Y134N,0.8326,134
Y134Q,0.8654,134
Y134T,0.8688,134
Y134S,0.7683,134
Y134C,0.7996,134
Y134G,0.9096,134
Y134A,0.8633,134
Y134V,0.8053,134
Y134L,0.6365,134
Y134I,0.8392,134
Y134M,0.8793,134
Y134P,0.9529,134
Y134Y,0.0027,134
Y134F,0.0698,134
Y134W,0.6071,134
S135K,0.9675,135
S135R,0.9309,135
S135H,0.9478,135
S135E,0.9745,135
S135D,0.951,135
S135N,0.7948,135
S135Q,0.9621,135
S135T,0.5739,135
S135S,0.0027,135
S135C,0.8932,135
S135G,0.5312,135
S135A,0.5724,135
S135V,0.9076,135
S135L,0.8949,135
S135I,0.9529,135
S135M,0.9618,135
S135P,0.9009,135
S135Y,0.9438,135
S135F,0.8976,135
S135W,0.9664,135
Y136K,0.9852,136
Y136R,0.9716,136
Y136H,0.7486,136
Y136E,0.9872,136
Y136D,0.9764,136
Y136N,0.9596,136
Y136Q,0.9686,136
Y136T,0.9612,136
Y136S,0.922,136
Y136C,0.8949,136
Y136G,0.976,136
Y136A,0.9629,136
Y136V,0.9478,136
Y136L,0.9071,136
Y136I,0.9582,136
Y136M,0.9777,136
Y136P,0.9824,136
Y136Y,0.0027,136
Y136F,0.3898,136
Y136W,0.9399,136
S137K,0.8486,137
S137R,0.7938,137
S137H,0.8661,137
S137E,0.9153,137
S137D,0.9076,137
S137N,0.6872,137
S137Q,0.8605,137
S137T,0.2401,137
S137S,0.0027,137
S137C,0.8748,137
S137G,0.6434,137
S137A,0.5415,137
S137V,0.7996,137
S137L,0.7586,137
S137I,0.8568,137
S137M,0.8755,137
S137P,0.8688,137
S137Y,0.8837,137
S137F,0.8494,137
S137W,0.9382,137
T138K,0.864,138
T138R,0.8998,138
T138H,0.9139,138
T138E,0.9343,138
T138D,0.9422,138
T138N,0.7575,138
T138Q,0.9056,138
T138T,0.0027,138
T138S,0.3321,138
T138C,0.9389,138
T138G,0.8735,138
T138A,0.3913,138
T138V,0.6948,138
T138L,0.8242,138
T138I,0.6351,138
T138M,0.5768,138
T138P,0.8891,138
T138Y,0.9354,138
T138F,0.9086,138
T138W,0.9784,138
T139K,0.8224,139
T139R,0.8837,139
T139H,0.9035,139
T139E,0.9153,139
T139D,0.9339,139
T139N,0.7073,139
T139Q,0.8781,139
T139T,0.0027,139
T139S,0.2987,139
T139C,0.9324,139
T139G,0.8486,139
T139A,0.3361,139
T139V,0.6676,139
T139L,0.8153,139
T139I,0.6028,139
T139M,0.5578,139
T139P,0.8509,139
T139Y,0.9274,139
T139F,0.904,139
T139W,0.9761,139
A140K,0.8259,140
A140R,0.8598,140
A140H,0.8867,140
A140E,0.7704,140
A140D,0.8546,140
A140N,0.8062,140
A140Q,0.8447,140
A140T,0.146,140
A140S,0.2949,140
A140C,0.9215,140
A140G,0.6085,140
A140A,0.0027,140
A140V,0.2591,140
A140L,0.809,140
A140I,0.8005,140
A140M,0.8071,140
A140P,0.7736,140
A140Y,0.929,140
A140F,0.8819,140
A140W,0.9693,140
V141K,0.6703,141
V141R,0.7147,141
V141H,0.7651,141
V141E,0.7147,141
V141D,0.8267,141
V141N,0.7464,141
V141Q,0.6742,141
V141T,0.3216,141
V141S,0.5222,141
V141C,0.8891,141
V141G,0.7725,141
V141A,0.2305,141
V141V,0.0027,141
V141L,0.2412,141
V141I,0.0923,141
V141M,0.2707,141
V141P,0.7498,141
V141Y,0.7828,141
V141F,0.5607,141
V141W,0.9076,141
V142K,0.8071,142
V142R,0.8359,142
V142H,0.84,142
V142E,0.8198,142
V142D,0.8879,142
V142N,0.7787,142
V142Q,0.7838,142
V142T,0.3913,142
V142S,0.6226,142
V142C,0.9076,142
V142G,0.8293,142
V142A,0.319,142
V142V,0.0027,142
V142L,0.2401,142
V142I,0.0726,142
V142M,0.2791,142
V142P,0.7948,142
V142Y,0.8198,142
V142F,0.5884,142
V142W,0.922,142
T143K,0.3632,143
T143R,0.4538,143
T143H,0.4376,143
T143E,0.4405,143
T143D,0.4879,143
T143N,0.2242,143
T143Q,0.3941,143
T143T,0.0027,143
T143S,0.086,143
T143C,0.7849,143
T143G,0.3496,143
T143A,0.0913,143
T143V,0.239,143
T143L,0.3743,143
T143I,0.2231,143
T143M,0.2242,143
T143P,0.4128,143
T143Y,0.6184,143
T143F,0.6268,143
T143W,0.8384,143
N144K,0.2061,144
N144R,0.3757,144
N144H,0.2326,144
N144E,0.2851,144
N144D,0.1607,144
N144N,0.0027,144
N144Q,0.2803,144
N144T,0.2242,144
N144S,0.0657,144
N144C,0.7808,144
N144G,0.2779,144
N144A,0.2672,144
N144V,0.4567,144
N144L,0.5222,144
N144I,0.6099,144
N144M,0.657,144
N144P,0.3984,144
N144Y,0.5607,144
N144F,0.7024,144
N144W,0.8633,144
P145K,0.4582,145
P145R,0.476,145
P145H,0.4493,145
P145E,0.4716,145
P145D,0.5401,145
P145N,0.473,145
P145Q,0.3216,145
P145T,0.2924,145
P145S,0.1231,145
P145C,0.8806,145
P145G,0.4567,145
P145A,0.1909,145
P145V,0.4128,145
P145L,0.216,145
P145I,0.5651,145
P145M,0.6999,145
P145P,0.0027,145
P145Y,0.6794,145
P145F,0.691,145
P145W,0.8432,145
K146K,0.0027,146
K146R,0.0833,146
K146H,0.2827,146
K146E,0.1231,146
K146D,0.2201,146
K146N,0.1366,146
K146Q,0.1359,146
K146T,0.1993,146
K146S,0.1639,146
K146C,0.7928,146
K146G,0.2294,146
K146A,0.208,146
K146V,0.2839,146
K146L,0.3361,146
K146I,0.4434,146
K146M,0.4716,146
K146P,0.2949,146
K146Y,0.6597,146
K146F,0.7159,146
K146W,0.7195,146
E147K,0.0784,147
E147R,0.2534,147
E147H,0.174,147
E147E,0.0027,147
E147D,0.0423,147
E147N,0.0985,147
E147Q,0.086,147
E147T,0.2061,147
E147S,0.1156,147
E147C,0.7049,147
E147G,0.1324,147
E147A,0.0996,147
E147V,0.1664,147
E147L,0.1927,147
E147I,0.2839,147
E147M,0.3619,147
E147P,0.1551,147
E147Y,0.3482,147
E147F,0.4186,147
E147W,0.6393,147
