Mutation,Pred_class,Pathogenicity_probability
C30R,Pathogenic,0.4656
L32P,Benign,0.9396
D38E,Pathogenic,0.7086
D38N,Pathogenic,0.4612
D38G,Pathogenic,0.9198
A39D,Pathogenic,0.8501
V40I,Pathogenic,0.1079
S43N,Pathogenic,0.1102
P44S,Benign,0.4999
A45T,Benign,0.6379
V48M,Benign,0.2974
V50G,Pathogenic,0.9389
V50A,Pathogenic,0.4671
V50L,Pathogenic,0.29
V50M,Pathogenic,0.4523
V52A,Pathogenic,0.4939
F53V,Pathogenic,0.6113
F53L,Pathogenic,0.1257
F53I,Pathogenic,0.6859
R54T,Pathogenic,0.6142
R54G,Pathogenic,0.7338
K55N,Pathogenic,0.5942
A56D,Benign,0.3242
A56P,Pathogenic,0.7725
D58A,Pathogenic,0.4258
D58V,Pathogenic,0.7314
W61L,Pathogenic,0.8326
E62D,Pathogenic,0.1244
E62G,Benign,0.4538
F64S,Pathogenic,0.7183
F64L,Pathogenic,0.0584
A65D,Pathogenic,0.6543
A65T,Pathogenic,0.0714
A65S,Benign,0.0954
G67R,Pathogenic,0.6529
G67E,Benign,0.6974
G67A,Pathogenic,0.4171
G67V,Pathogenic,0.8053
T69S,Pathogenic,0.4288
T69A,Pathogenic,0.6448
T69I,Pathogenic,0.8153
S70R,Pathogenic,0.4376
S70I,Pathogenic,0.7464
S72P,Pathogenic,0.7777
G73R,Pathogenic,0.9557
G73E,Pathogenic,0.9406
E74K,Pathogenic,0.6936
E74Q,Pathogenic,0.4493
E74G,Pathogenic,0.7338
L75R,Pathogenic,0.9457
L75Q,Pathogenic,0.8937
L75P,Benign,0.8993
G77R,Benign,0.482
L78R,Benign,0.9531
L78H,Pathogenic,0.9365
T79K,Pathogenic,0.7219
T80A,Pathogenic,0.1863
E81K,Pathogenic,0.081
E81G,Pathogenic,0.3164
E82K,Pathogenic,0.2294
F84S,Pathogenic,0.8903
F84L,Pathogenic,0.3088
G87R,Pathogenic,0.911
I88L,Pathogenic,0.099
Y89H,Pathogenic,0.6846
K90N,Pathogenic,0.88
V91A,Benign,0.3455
I93V,Pathogenic,0.0564
D94H,Benign,0.7767
S97Y,Pathogenic,0.7135
Y98F,Pathogenic,0.546
A101T,Benign,0.0698
A101V,Pathogenic,0.213
I104N,Pathogenic,0.6781
I104T,Pathogenic,0.266
I104S,Pathogenic,0.5754
H108R,Pathogenic,0.6716
E109K,Pathogenic,0.5899
E109Q,Pathogenic,0.3955
H110D,Pathogenic,0.7597
H110N,Pathogenic,0.355
A111S,Benign,0.4627
A117S,Pathogenic,0.3177
A117G,Benign,0.665
P122R,Benign,0.19
R124H,Pathogenic,0.0338
I127V,Pathogenic,0.0381
I127M,Pathogenic,0.2719
A129T,Pathogenic,0.1723
A129S,Pathogenic,0.4954
L131M,Pathogenic,0.4671
Y134H,Pathogenic,0.4405
Y134C,Pathogenic,0.7996
Y136S,Pathogenic,0.922
T139M,Pathogenic,0.5578
A140S,Pathogenic,0.2949
V142A,Pathogenic,0.319
V142I,Pathogenic,0.0726
