Mutation,rank_1,rank_2,rank_3,rank_4,rank_5,rank_6,rank_7,rank_8,rank_9,rank_10,rank_11,rank_12,rank_13,rank_14,rank_15,rank_16,rank_17,rank_18,rank_19,rank_20
a129v,-0.2095986008644104,-0.23169896006584167,-0.2320675551891327,-0.24471959471702576,-0.3061287999153137,-0.31777071952819824,-0.3282758891582489,-0.33471232652664185,-0.3825417459011078,-0.49747413396835327,-0.5123462080955505,-0.5401139259338379,-0.5440990328788757,-0.5946047902107239,-0.5970237255096436,-0.7895309329032898,-0.94809490442276,-1.0315136909484863,-1.284338116645813,-1.8627698421478271
v40i,-0.2972857356071472,-0.3138759136199951,-0.319790780544281,-0.3335610330104828,-0.3805060386657715,-0.4290778338909149,-0.43377768993377686,-0.49343371391296387,-0.5047053694725037,-0.521080732345581,-0.5292695760726929,-0.5530211925506592,-0.5619630813598633,-0.5624412894248962,-0.5734705924987793,-0.6108599305152893,-1.2395366430282593,-1.4862940311431885,-1.4906851053237915,-1.9422447681427002
d59v,-0.23104339838027954,-0.23228418827056885,-0.2573348581790924,-0.2599318325519562,-0.27143362164497375,-0.28853094577789307,-0.3122282326221466,-0.33275437355041504,-0.3747342526912689,-0.3749931752681732,-0.40667861700057983,-0.4453488290309906,-0.4608061611652374,-0.47554439306259155,-0.5325539708137512,-0.5493500232696533,-0.6112926006317139,-0.8006669878959656,-0.9881178736686707,-1.219069242477417
e62g,-0.2353997826576233,-0.2762538492679596,-0.28163832426071167,-0.29353803396224976,-0.32831689715385437,-0.34569883346557617,-0.35448017716407776,-0.3648339509963989,-0.3738259971141815,-0.41748151183128357,-0.47844743728637695,-0.48844584822654724,-0.5571801662445068,-0.5738101005554199,-0.6359270215034485,-0.6475062966346741,-0.6802791953086853,-0.7101269364356995,-0.7199692130088806,-0.8527100682258606
a65s,-0.1803588569164276,-0.23796716332435608,-0.24815437197685242,-0.3059178590774536,-0.32125309109687805,-0.39630571007728577,-0.4083385765552521,-0.4310379922389984,-0.44385001063346863,-0.4575757086277008,-0.49762871861457825,-0.5456061959266663,-0.553244948387146,-0.5868222713470459,-0.6221333146095276,-0.7891649603843689,-1.6041640043258667,-1.6528418064117432,-1.7280418872833252,-1.7662575244903564
i104n,-0.31365716457366943,-0.31774216890335083,-0.3292524218559265,-0.371272474527359,-0.3939487934112549,-0.4227401316165924,-0.4470537006855011,-0.48039430379867554,-0.4827059209346771,-0.5225309729576111,-0.564255952835083,-0.5821017622947693,-0.7232286930084229,-0.7269611358642578,-0.7421731352806091,-0.8293524980545044,-1.0369666814804077,-1.038857102394104,-1.0469655990600586,-1.0770736932754517
v113m,-0.22213810682296753,-0.23138222098350525,-0.23800471425056458,-0.30197006464004517,-0.3529167175292969,-0.36674681305885315,-0.3744907081127167,-0.4039663076400757,-0.4284071624279022,-0.4653345048427582,-0.4976760447025299,-0.5621544122695923,-0.6297197937965393,-0.7945570349693298,-0.8372080326080322,-1.1394108533859253,-1.3872592449188232,-1.4848735332489014,-1.5146831274032593,-1.934012532234192
a117s,-0.2953636944293976,-0.31374087929725647,-0.3146923780441284,-0.31986740231513977,-0.3252643942832947,-0.36235132813453674,-0.39829739928245544,-0.4148969352245331,-0.4472842514514923,-0.4480167031288147,-0.5022000670433044,-0.5615689754486084,-0.6374316811561584,-0.6695110201835632,-0.772125244140625,-0.7776616811752319,-0.8853217959403992,-0.8915511965751648,-1.2713983058929443,-1.7362101078033447
e74k,-0.26458659768104553,-0.30239543318748474,-0.3552910387516022,-0.42733821272850037,-0.43527206778526306,-0.43661370873451233,-0.49332985281944275,-0.5003541707992554,-0.5078659653663635,-0.5147918462753296,-0.5993608236312866,-0.62235027551651,-0.7382912039756775,-0.7398056387901306,-0.7433120608329773,-0.823530912399292,-0.9319615960121155,-1.2071911096572876,-1.2743257284164429,-1.3102891445159912
g87e,-0.2380276620388031,-0.2583695650100708,-0.2673761248588562,-0.2825881838798523,-0.2962459325790405,-0.3222593367099762,-0.3372507393360138,-0.37479913234710693,-0.39229896664619446,-0.47480157017707825,-0.5706936717033386,-0.5745929479598999,-0.5768138766288757,-0.6029585003852844,-0.6140690445899963,-0.659632682800293,-0.7620214819908142,-1.2567147016525269,-1.5539554357528687,-1.82422935962677
i104t,-0.299209326505661,-0.30156755447387695,-0.3157484829425812,-0.3241424858570099,-0.3249783217906952,-0.3334122598171234,-0.3536403775215149,-0.3725125193595886,-0.3883683383464813,-0.42086517810821533,-0.4438841640949249,-0.4479196071624756,-0.5142185688018799,-0.5242000818252563,-0.5421512126922607,-0.6316835284233093,-0.7119519114494324,-1.1674481630325317,-1.4159642457962036,-1.9404006004333496
a45s,-0.20311620831489563,-0.2502745985984802,-0.28575438261032104,-0.31669750809669495,-0.31970977783203125,-0.33274582028388977,-0.3533499538898468,-0.40220868587493896,-0.4263312518596649,-0.5698043704032898,-0.616840660572052,-0.7196933627128601,-0.8069056868553162,-0.8132416009902954,-0.9431636929512024,-0.9758039116859436,-1.073418140411377,-1.096181869506836,-1.1063648462295532,-1.5860873460769653
c30r,-0.24750694632530212,-0.2604900300502777,-0.2621983587741852,-0.2710399925708771,-0.2859153151512146,-0.3185916841030121,-0.3627009689807892,-0.3766734302043915,-0.38300052285194397,-0.45917198061943054,-0.48574453592300415,-0.48717474937438965,-0.5400848984718323,-0.604249119758606,-0.6197251081466675,-0.6938894391059875,-0.810115396976471,-0.8590313792228699,-1.3626959323883057,-1.387795090675354
a101v,-0.23441633582115173,-0.24121412634849548,-0.24213281273841858,-0.24919074773788452,-0.2493615448474884,-0.2524462640285492,-0.31699779629707336,-0.3318312466144562,-0.34053942561149597,-0.35625070333480835,-0.3728046119213104,-0.4248594641685486,-0.45382705330848694,-0.5169388055801392,-0.5254343152046204,-0.5534867644309998,-0.5586153864860535,-0.6992546916007996,-1.0472694635391235,-1.641298532485962
t69i,-0.2285659909248352,-0.30520594120025635,-0.36201298236846924,-0.38076016306877136,-0.38634827733039856,-0.4651983976364136,-0.4741862118244171,-0.4804580807685852,-0.4805135428905487,-0.5443325638771057,-0.5637937784194946,-0.5758424401283264,-0.5882433652877808,-0.5979006290435791,-0.6272506713867188,-0.6298519968986511,-0.7667635083198547,-0.7973185181617737,-0.9313802123069763,-1.3897231817245483
l78h,-0.24934086203575134,-0.26065024733543396,-0.29557254910469055,-0.30366379022598267,-0.3452064096927643,-0.36949804425239563,-0.4035792052745819,-0.4056714177131653,-0.4187373220920563,-0.4579828679561615,-0.47781288623809814,-0.497607558965683,-0.5151835083961487,-0.5525893568992615,-0.5607872009277344,-0.6842086315155029,-0.7126339673995972,-1.092132568359375,-1.4426238536834717,-1.6527631282806396
g103r,-0.23770394921302795,-0.29991406202316284,-0.32877644896507263,-0.3325670659542084,-0.33533963561058044,-0.35461488366127014,-0.41662007570266724,-0.42532142996788025,-0.4334619343280792,-0.46775466203689575,-0.5082007050514221,-0.5131722092628479,-0.5530628561973572,-0.6040962338447571,-0.6080668568611145,-0.6311644315719604,-0.6334400773048401,-0.8264289498329163,-0.8556597232818604,-1.259921908378601
m33i,-0.2403315305709839,-0.2634549140930176,-0.2707259953022003,-0.27821987867355347,-0.3170083165168762,-0.34126242995262146,-0.35416853427886963,-0.35733675956726074,-0.3706272542476654,-0.492256224155426,-0.5295610427856445,-0.5725895762443542,-0.6336613893508911,-0.7124980092048645,-0.7379804849624634,-0.7762104868888855,-0.7972713112831116,-1.4292535781860352,-1.4598195552825928,-1.739837646484375
h108r,-0.21353495121002197,-0.21786925196647644,-0.21942320466041565,-0.24736323952674866,-0.24874144792556763,-0.27985385060310364,-0.2858826816082001,-0.2876642346382141,-0.30835169553756714,-0.4251371920108795,-0.47222331166267395,-0.5045870542526245,-0.5794134736061096,-0.6232978701591492,-0.662703812122345,-0.6811283826828003,-1.0694340467453003,-1.1770429611206055,-1.2026804685592651,-1.4546540975570679
e74g,-0.30161598324775696,-0.36779969930648804,-0.3915633261203766,-0.4323137104511261,-0.4346825182437897,-0.43647128343582153,-0.4501601755619049,-0.45675739645957947,-0.4691633880138397,-0.5239529609680176,-0.5376889705657959,-0.5424376130104065,-0.6420909762382507,-0.6667315363883972,-0.6766961812973022,-0.6946495175361633,-0.8533071875572205,-0.9094824194908142,-1.1009835004806519,-1.4146676063537598
y134h,-0.2237507700920105,-0.2660365104675293,-0.28916043043136597,-0.29663053154945374,-0.29976123571395874,-0.3376167118549347,-0.36048659682273865,-0.3679170310497284,-0.38707247376441956,-0.4538183808326721,-0.4582415223121643,-0.5945030450820923,-0.6237507462501526,-0.6293159127235413,-0.7368660569190979,-0.7504928708076477,-0.831584632396698,-0.8642914891242981,-0.9629507660865784,-1.4777337312698364
y134s,-0.23829799890518188,-0.2884484827518463,-0.31221461296081543,-0.3185373842716217,-0.39998847246170044,-0.4033633768558502,-0.439642995595932,-0.47853681445121765,-0.4812852442264557,-0.48438316583633423,-0.6665648221969604,-0.6709297299385071,-0.7696110010147095,-0.8098352551460266,-0.8163599371910095,-0.923390805721283,-1.0031269788742065,-1.0701889991760254,-1.3249430656433105,-1.5731281042099
e74q,-0.2848173975944519,-0.3604010045528412,-0.3671329617500305,-0.4150777757167816,-0.41847872734069824,-0.4395981729030609,-0.45453357696533203,-0.49595627188682556,-0.49673300981521606,-0.5373355150222778,-0.5427349805831909,-0.5981083512306213,-0.7411656975746155,-0.8449475169181824,-0.8825671076774597,-0.9420573115348816,-0.9902927279472351,-1.1271685361862183,-1.205613136291504,-2.2750284671783447
s72p,-0.2626100480556488,-0.2952238917350769,-0.2969043254852295,-0.33147022128105164,-0.33328527212142944,-0.37115463614463806,-0.44420626759529114,-0.4837208390235901,-0.5049612522125244,-0.5297389030456543,-0.5490705370903015,-0.5964218974113464,-0.6535823941230774,-0.6650664806365967,-0.6834502816200256,-0.7187783122062683,-0.7665039896965027,-0.8167164921760559,-0.8931688666343689,-1.6857495307922363
t80a,-0.231674462556839,-0.23478969931602478,-0.2718731760978699,-0.2794301211833954,-0.3009325861930847,-0.3143101632595062,-0.3204104006290436,-0.32784131169319153,-0.3376409411430359,-0.3524121940135956,-0.4015297591686249,-0.40580496191978455,-0.42212286591529846,-0.4666672646999359,-0.4906834661960602,-0.5127274990081787,-0.5353223085403442,-0.7719207406044006,-0.7727089524269104,-1.271692156791687
l75r,-0.2873045802116394,-0.3165326416492462,-0.319854199886322,-0.3268057107925415,-0.3433840274810791,-0.3854579031467438,-0.49082568287849426,-0.5069402456283569,-0.5127578377723694,-0.5292644500732422,-0.5479187965393066,-0.5600731372833252,-0.5652896165847778,-0.6527084708213806,-0.6576454639434814,-0.6616871356964111,-0.6887049078941345,-1.0321547985076904,-1.4462260007858276,-1.5759172439575195
v52a,-0.21354752779006958,-0.26191845536231995,-0.28583380579948425,-0.30540627241134644,-0.3124706745147705,-0.32259681820869446,-0.32574570178985596,-0.3333573043346405,-0.3610321581363678,-0.36970409750938416,-0.3699335753917694,-0.38633012771606445,-0.4436318278312683,-0.46296989917755127,-0.4644473195075989,-0.5372217297554016,-0.5544186234474182,-0.6844995617866516,-1.4503227472305298,-1.6016607284545898
i127m,-0.2511954605579376,-0.28943267464637756,-0.31444665789604187,-0.3413868844509125,-0.34182271361351013,-0.34337061643600464,-0.3446251153945923,-0.3607862591743469,-0.3683306872844696,-0.3791658580303192,-0.4234723746776581,-0.4410623013973236,-0.5099952220916748,-0.5937661528587341,-0.6409841179847717,-0.7703806757926941,-0.781797468662262,-1.469294548034668,-1.5574198961257935,-1.6277339458465576
t79k,-0.26757803559303284,-0.30248504877090454,-0.31579118967056274,-0.3211957514286041,-0.3952745497226715,-0.4038812816143036,-0.4176865518093109,-0.4291861355304718,-0.4390009343624115,-0.44529181718826294,-0.5006096363067627,-0.5285118222236633,-0.535395622253418,-0.5581969022750854,-0.6407899260520935,-0.7036814093589783,-0.7193998694419861,-0.8764328360557556,-1.221135139465332,-1.4557806253433228
f64l,-0.2850942313671112,-0.3027142584323883,-0.31025734543800354,-0.324720174074173,-0.39193621277809143,-0.4210731089115143,-0.4234851598739624,-0.4716251492500305,-0.5103505849838257,-0.5650547742843628,-0.6130426526069641,-0.638859212398529,-0.7515851259231567,-0.7672660946846008,-0.7884332537651062,-0.9396045207977295,-1.0479627847671509,-1.2615989446640015,-1.4083187580108643,-1.6389060020446777
i127f,-0.25892940163612366,-0.27272310853004456,-0.39212313294410706,-0.43496623635292053,-0.4442932605743408,-0.4491969347000122,-0.48728296160697937,-0.5067732930183411,-0.5184023380279541,-0.5344775319099426,-0.5781872868537903,-0.5994685888290405,-0.7513317465782166,-0.8392366766929626,-1.0575286149978638,-1.2055000066757202,-1.3026710748672485,-1.3671395778656006,-1.466967225074768,-1.6752842664718628
v50m,-0.21428218483924866,-0.2847972810268402,-0.2974832057952881,-0.333405464887619,-0.3559710681438446,-0.4007476270198822,-0.42281243205070496,-0.4618397355079651,-0.4756886959075928,-0.5469584465026855,-0.6556850075721741,-0.7594733834266663,-0.7801530361175537,-0.9056519269943237,-0.9813921451568604,-0.9914435744285583,-1.0393218994140625,-1.1530416011810303,-1.1538273096084595,-1.72770094871521
s70r,-0.2587074339389801,-0.25971969962120056,-0.26307812333106995,-0.3521937429904938,-0.35226771235466003,-0.37258225679397583,-0.38117945194244385,-0.3875863254070282,-0.42067429423332214,-0.45640331506729126,-0.5137596726417542,-0.5323313474655151,-0.570662796497345,-0.576058566570282,-0.6667144894599915,-0.6889562010765076,-0.6937373280525208,-0.860145628452301,-0.8791764378547668,-1.356177806854248
f53v,-0.22598153352737427,-0.23291641473770142,-0.2633001506328583,-0.29025372862815857,-0.2936328053474426,-0.29367345571517944,-0.3039648234844208,-0.332541286945343,-0.3410066068172455,-0.35017794370651245,-0.35034891963005066,-0.48223578929901123,-0.6269412636756897,-0.6286544799804688,-0.6611254811286926,-0.7283444404602051,-0.8360148072242737,-1.112155556678772,-1.272243618965149,-1.368211269378662
d38g,-0.25937268137931824,-0.28631430864334106,-0.2987844944000244,-0.2994995713233948,-0.32302942872047424,-0.32557111978530884,-0.33950501680374146,-0.3444141149520874,-0.35131725668907166,-0.3675048053264618,-0.3712102472782135,-0.4066871106624603,-0.43198034167289734,-0.4633997976779938,-0.48228368163108826,-0.5727905035018921,-0.5843932628631592,-0.7600187659263611,-1.2764922380447388,-1.5439482927322388
g67e,-0.2622651755809784,-0.266556978225708,-0.2818550169467926,-0.2862350046634674,-0.292243629693985,-0.313770055770874,-0.3226286768913269,-0.34361532330513,-0.37272128462791443,-0.37811875343322754,-0.4301312267780304,-0.452091246843338,-0.45549872517585754,-0.46133527159690857,-0.5156410336494446,-0.5353527069091797,-0.5608575940132141,-0.5689534544944763,-0.5788648128509521,-1.4466055631637573
a56p,-0.2327013909816742,-0.23721304535865784,-0.2992306053638458,-0.31060221791267395,-0.3217419683933258,-0.33137834072113037,-0.35180869698524475,-0.4018663465976715,-0.4418497383594513,-0.4821959137916565,-0.6323155760765076,-0.6366689801216125,-0.7109349370002747,-0.7303346991539001,-0.7511252760887146,-0.9330096244812012,-0.9592916369438171,-1.3188470602035522,-1.427362084388733,-1.502411961555481
f84i,-0.2357313632965088,-0.27481383085250854,-0.28283780813217163,-0.2935965359210968,-0.35467132925987244,-0.3616441786289215,-0.36584800481796265,-0.37744230031967163,-0.3884589970111847,-0.4406217038631439,-0.4514530301094055,-0.5302366614341736,-0.5547083616256714,-0.5635704398155212,-0.6127120852470398,-0.6214234828948975,-0.6233986020088196,-0.7255027294158936,-1.3486301898956299,-5.73024845123291
a140s,-0.21620330214500427,-0.24750804901123047,-0.26052340865135193,-0.2962130904197693,-0.30075803399086,-0.31656864285469055,-0.3322281241416931,-0.35497376322746277,-0.409790962934494,-0.41396909952163696,-0.43932637572288513,-0.48363539576530457,-0.4880717694759369,-0.5544678568840027,-0.5666431784629822,-0.5776772499084473,-0.6236593127250671,-0.6955155730247498,-0.8610377907752991,-2.1756837368011475
y136s,-0.19072198867797852,-0.20681267976760864,-0.23581546545028687,-0.23596522212028503,-0.267150342464447,-0.26924052834510803,-0.2705930173397064,-0.27850717306137085,-0.29634997248649597,-0.3122224509716034,-0.31246134638786316,-0.31923753023147583,-0.3245129883289337,-0.34337860345840454,-0.3484499454498291,-0.37110650539398193,-0.3833479583263397,-0.46250680088996887,-0.6761769652366638,-0.8087977766990662
g73a,-0.28582507371902466,-0.2861136198043823,-0.32278040051460266,-0.32940950989723206,-0.36284199357032776,-0.365037739276886,-0.3661958873271942,-0.36795586347579956,-0.3880407512187958,-0.4207606315612793,-0.493754506111145,-0.497733473777771,-0.5042926669120789,-0.5262767672538757,-0.616065263748169,-0.6847202181816101,-0.6976345181465149,-0.723626971244812,-1.1969401836395264,-1.772251844406128
g67a,-0.245624840259552,-0.3004831373691559,-0.3381512463092804,-0.3809196352958679,-0.3822438418865204,-0.39143624901771545,-0.39764732122421265,-0.4140707552433014,-0.42609989643096924,-0.4442724883556366,-0.44448819756507874,-0.49568575620651245,-0.5037524700164795,-0.5044534206390381,-0.5518884658813477,-0.5705470442771912,-0.7049822211265564,-1.3261514902114868,-1.3488348722457886,-1.5305672883987427
s70i,-0.2332145869731903,-0.24041971564292908,-0.25855398178100586,-0.3083121180534363,-0.3120405972003937,-0.3126852810382843,-0.34517350792884827,-0.3469366729259491,-0.39012646675109863,-0.39624297618865967,-0.46903687715530396,-0.6133291721343994,-0.6508889198303223,-0.7126811742782593,-0.7944044470787048,-0.8774258494377136,-1.3164445161819458,-1.5592149496078491,-1.5848382711410522,-1.687308430671692
wt,-0.23546379804611206,-0.27508413791656494,-0.2981489300727844,-0.3032974600791931,-0.32101747393608093,-0.35400187969207764,-0.3618418276309967,-0.4000750482082367,-0.40405091643333435,-0.4585336744785309,-0.46317845582962036,-0.4938007891178131,-0.6809715628623962,-0.7406434416770935,-0.7861637473106384,-0.8227213025093079,-0.8308735489845276,-1.0830212831497192,-1.2735761404037476,-1.4571353197097778
e81k,-0.21828079223632812,-0.22875821590423584,-0.30626076459884644,-0.39583393931388855,-0.4151705801486969,-0.4196719825267792,-0.4346620738506317,-0.446084588766098,-0.51675945520401,-0.5703579187393188,-0.6302770972251892,-0.6513496041297913,-0.6850504875183105,-0.7655647397041321,-0.7766992449760437,-0.8878130912780762,-0.9867616295814514,-1.3018815517425537,-1.3393443822860718,-1.568522334098816
g67r,-0.24800658226013184,-0.2926192283630371,-0.3516378104686737,-0.4271916449069977,-0.4292497932910919,-0.44665300846099854,-0.4803246557712555,-0.5152803659439087,-0.6414628624916077,-0.7110217213630676,-0.7421754002571106,-0.8010401725769043,-0.947931170463562,-1.0138407945632935,-1.047242522239685,-1.2563793659210205,-1.477793574333191,-1.6700356006622314,-1.7035282850265503,-1.710404634475708
f53c,-0.187545508146286,-0.2116793990135193,-0.252073734998703,-0.2523525655269623,-0.2777038514614105,-0.2817813754081726,-0.29854631423950195,-0.3476508557796478,-0.3524024188518524,-0.3829788863658905,-0.3906343877315521,-0.4605695605278015,-0.5902846455574036,-0.6051321029663086,-0.667044460773468,-0.7985807061195374,-1.3895204067230225,-1.4090101718902588,-1.452510952949524,-2.088214874267578
r54t,-0.2211124300956726,-0.22828567028045654,-0.23665788769721985,-0.2491779625415802,-0.24971318244934082,-0.2516028881072998,-0.2844024896621704,-0.29421108961105347,-0.329783171415329,-0.3363753855228424,-0.38108107447624207,-0.428195983171463,-0.43895867466926575,-0.5436761975288391,-0.5590791702270508,-0.5852083563804626,-0.5858635306358337,-0.5902074575424194,-0.7005534768104553,-2.317730665206909
d38e,-0.27828705310821533,-0.28400787711143494,-0.30112653970718384,-0.3072627782821655,-0.31360766291618347,-0.321790486574173,-0.3337843120098114,-0.3503805994987488,-0.369338721036911,-0.378475159406662,-0.39746972918510437,-0.42426297068595886,-0.4570440351963043,-0.4662836790084839,-0.4986276924610138,-0.6868266463279724,-0.8202330470085144,-0.8661588430404663,-0.9750975966453552,-1.7462549209594727
f53l,-0.3131163418292999,-0.31776389479637146,-0.3222162425518036,-0.379671573638916,-0.3870808184146881,-0.4067826569080353,-0.46722176671028137,-0.5721685290336609,-0.5769144892692566,-0.5781872272491455,-0.5809383988380432,-0.6633136868476868,-0.6739826798439026,-0.6784630417823792,-0.744767427444458,-0.7778270840644836,-1.2427763938903809,-1.2785977125167847,-1.354803442955017,-1.3555848598480225
l75q,-0.2438245713710785,-0.2869419455528259,-0.288647323846817,-0.30127769708633423,-0.32068032026290894,-0.32096967101097107,-0.3328631520271301,-0.33757898211479187,-0.3903941214084625,-0.4026913642883301,-0.5197851657867432,-0.5401198267936707,-0.5964441299438477,-0.5993527770042419,-0.6033630967140198,-0.6123293042182922,-0.7125700116157532,-0.7860375046730042,-1.3453508615493774,-1.681061863899231
f64s,-0.2848150134086609,-0.2980392575263977,-0.29984450340270996,-0.3190095126628876,-0.32881292700767517,-0.33348342776298523,-0.3344079256057739,-0.36571186780929565,-0.43373653292655945,-0.43800821900367737,-0.4556539058685303,-0.47216740250587463,-0.4743533730506897,-0.4839770793914795,-0.6358899474143982,-0.7084237933158875,-0.8106206059455872,-1.1800289154052734,-1.4332406520843506,-1.522216558456421
f53i,-0.2185327410697937,-0.254738986492157,-0.2912655472755432,-0.3096811771392822,-0.34406977891921997,-0.3537183701992035,-0.3835022449493408,-0.3838786482810974,-0.3891812264919281,-0.45064178109169006,-0.6026224493980408,-0.6524279713630676,-0.6584241986274719,-0.6775076389312744,-0.6820054650306702,-0.778281033039093,-0.808034360408783,-1.1030982732772827,-1.3487004041671753,-1.8396121263504028
e109q,-0.2686006724834442,-0.26904088258743286,-0.2830283045768738,-0.2966153919696808,-0.3221237361431122,-0.3563193678855896,-0.37270066142082214,-0.3934788405895233,-0.4165630638599396,-0.4276150166988373,-0.4760679304599762,-0.509307861328125,-0.7792242169380188,-0.9124155640602112,-1.12534761428833,-1.1797326803207397,-1.355953574180603,-1.4234263896942139,-1.6783071756362915,-2.170868158340454
h110d,-0.33441808819770813,-0.3346896171569824,-0.34894320368766785,-0.36304518580436707,-0.3897959589958191,-0.42698243260383606,-0.44255563616752625,-0.4775494635105133,-0.5037698745727539,-0.5461814403533936,-0.6243742108345032,-0.629368782043457,-0.7012729048728943,-0.7108612656593323,-0.7353370785713196,-0.9155476093292236,-1.3088425397872925,-1.3648771047592163,-1.5093960762023926,-1.8057750463485718
s97y,-0.2198372781276703,-0.293496698141098,-0.30000364780426025,-0.3077389597892761,-0.33032163977622986,-0.37061065435409546,-0.3721493184566498,-0.37736019492149353,-0.4231920540332794,-0.42607131600379944,-0.46572038531303406,-0.5547153353691101,-0.5888945460319519,-0.732452392578125,-0.8119329214096069,-0.8161985874176025,-0.8290281891822815,-0.8779752850532532,-1.042270541191101,-1.5372427701950073
d58v,-0.2519702613353729,-0.2552455961704254,-0.2577642500400543,-0.26190629601478577,-0.2673356831073761,-0.2698470652103424,-0.3126024007797241,-0.3362601697444916,-0.354733943939209,-0.3791159391403198,-0.38499632477760315,-0.47633811831474304,-0.515052855014801,-0.6158856153488159,-0.805306077003479,-0.8136086463928223,-1.184322714805603,-1.2555774450302124,-1.3292256593704224,-2.3875064849853516
r124h,-0.29853907227516174,-0.31092995405197144,-0.32032766938209534,-0.33596137166023254,-0.3600115478038788,-0.36226704716682434,-0.41876766085624695,-0.4503767490386963,-0.46189647912979126,-0.49845489859580994,-0.5099560022354126,-0.5103869438171387,-0.5264513492584229,-0.5376660823822021,-0.5526058673858643,-0.6730316877365112,-0.8962058424949646,-1.1398407220840454,-1.2154570817947388,-1.4660934209823608
y89h,-0.2551189064979553,-0.30008813738822937,-0.32406118512153625,-0.3244204819202423,-0.3573392629623413,-0.35928675532341003,-0.3644169569015503,-0.37057259678840637,-0.3985638916492462,-0.4130801260471344,-0.42869696021080017,-0.4931497573852539,-0.5464084148406982,-0.5493457317352295,-0.5990762114524841,-0.629743218421936,-0.6399978995323181,-1.2023566961288452,-1.6734087467193604,-1.9113266468048096
a39d,-1.0736082792282104,-1.1127153635025024,-1.1473350524902344,-1.2641586065292358,-1.3239341974258423,-1.3506131172180176,-1.4101779460906982,-1.4158319234848022,-1.4351149797439575,-1.4636696577072144,-1.5431386232376099,-1.5728938579559326,-1.6255316734313965,-1.6622129678726196,-1.721847414970398,-1.8547855615615845,-2.1850180625915527,-2.3352530002593994,-2.3558943271636963,-2.414041519165039
v52g,-0.23341375589370728,-0.2426382303237915,-0.25116047263145447,-0.2519223988056183,-0.270158588886261,-0.272061824798584,-0.2901691496372223,-0.29494237899780273,-0.3110131025314331,-0.31210005283355713,-0.3179638385772705,-0.3508688509464264,-0.4528091251850128,-0.5744714140892029,-0.590663731098175,-0.6087124347686768,-0.8022943139076233,-0.8131244778633118,-0.9079524278640747,-1.3647613525390625
g87r,-0.25487571954727173,-0.270142525434494,-0.2884507477283478,-0.33212339878082275,-0.3736081123352051,-0.5082725286483765,-0.5141085386276245,-0.5588485598564148,-0.5653166770935059,-0.6574397683143616,-0.687425434589386,-0.707420289516449,-0.7998843193054199,-0.8126348853111267,-0.8601678609848022,-0.933123767375946,-0.9498859643936157,-0.9673209190368652,-1.5094839334487915,-1.988618016242981
d38n,-0.2343454360961914,-0.24471443891525269,-0.25658881664276123,-0.28254467248916626,-0.30249741673469543,-0.3182055652141571,-0.3252689838409424,-0.330235093832016,-0.3413839042186737,-0.3972332775592804,-0.4670131802558899,-0.47777897119522095,-0.5541659593582153,-0.5547105669975281,-0.633184015750885,-0.6825922131538391,-0.7762803435325623,-0.8583332896232605,-1.1979130506515503,-1.4377565383911133
s97f,-0.22848886251449585,-0.23058468103408813,-0.23388534784317017,-0.24011394381523132,-0.24721264839172363,-0.26843735575675964,-0.2899285852909088,-0.39618968963623047,-0.4526694118976593,-0.49877744913101196,-0.505228579044342,-0.5080316662788391,-0.5428261756896973,-0.5808653831481934,-0.5840569138526917,-0.756563127040863,-0.7624269127845764,-0.8583628535270691,-1.2026108503341675,-1.802483320236206
f84l,-0.23348447680473328,-0.23908233642578125,-0.24088430404663086,-0.2708589732646942,-0.27960824966430664,-0.29572707414627075,-0.3165242671966553,-0.34377750754356384,-0.35412290692329407,-0.3622595965862274,-0.3734471797943115,-0.38062340021133423,-0.4735124409198761,-0.5271295309066772,-0.5475285053253174,-0.5877774953842163,-0.6515331268310547,-0.783431351184845,-1.2391377687454224,-1.554970622062683
a65t,-0.2245730459690094,-0.23648178577423096,-0.29287493228912354,-0.3460003733634949,-0.3470795452594757,-0.3487454354763031,-0.4060799181461334,-0.4712964594364166,-0.47824034094810486,-0.4834126830101013,-0.4940865635871887,-0.5311132073402405,-0.8765960931777954,-1.0687501430511475,-1.1074628829956055,-1.3814948797225952,-1.4660371541976929,-1.5552432537078857,-1.6537193059921265,-1.7024757862091064
p122r,-0.2023727297782898,-0.2795649468898773,-0.3180575668811798,-0.31872740387916565,-0.35084325075149536,-0.3574301600456238,-0.3712565004825592,-0.3713422119617462,-0.40770789980888367,-0.40819039940834045,-0.4330374598503113,-0.48329371213912964,-0.4966733455657959,-0.5191919207572937,-0.5250301957130432,-0.5762197375297546,-0.7103086709976196,-0.9837964177131653,-1.319806456565857,-1.4794731140136719
d58a,-0.2454776167869568,-0.2538464665412903,-0.25391894578933716,-0.2941840887069702,-0.29775431752204895,-0.3383142948150635,-0.342157244682312,-0.3432292640209198,-0.35373660922050476,-0.4194566309452057,-0.437178373336792,-0.4623189866542816,-0.5782468914985657,-0.5841023325920105,-0.6173437237739563,-0.6421106457710266,-1.2126411199569702,-1.299544095993042,-1.4465972185134888,-1.8424266576766968
v48m,-0.23664125800132751,-0.2500797212123871,-0.2742013931274414,-0.27756267786026,-0.2792198061943054,-0.33402031660079956,-0.3534471392631531,-0.37380456924438477,-0.3759312927722931,-0.3786216378211975,-0.38871607184410095,-0.423010915517807,-0.4473556578159332,-0.4643682539463043,-0.519801914691925,-0.6429075598716736,-0.7155988812446594,-0.7752365469932556,-1.3577545881271362,-1.7797983884811401
p145s,-0.31519296765327454,-0.3154614567756653,-0.32805249094963074,-0.3597443103790283,-0.3827997148036957,-0.4291948974132538,-0.4412691295146942,-0.4473314583301544,-0.49308648705482483,-0.5878759622573853,-0.6195409893989563,-0.6658879518508911,-0.6675689220428467,-0.7711888551712036,-0.774062991142273,-0.7783552408218384,-0.8126742243766785,-0.9675506353378296,-1.1350058317184448,-1.4928869009017944
a129t,-0.21981170773506165,-0.24665096402168274,-0.2618001401424408,-0.29715439677238464,-0.30949196219444275,-0.33633360266685486,-0.36019107699394226,-0.4254860579967499,-0.4650239646434784,-0.5019813179969788,-0.5506649017333984,-0.6172823309898376,-0.9329818487167358,-0.9771509766578674,-0.9786753058433533,-1.114012598991394,-1.217998743057251,-1.6287992000579834,-1.6555637121200562,-1.7671409845352173
y134c,-0.23361805081367493,-0.245173841714859,-0.2848488390445709,-0.30209800601005554,-0.32242703437805176,-0.3299349546432495,-0.33391332626342773,-0.36864301562309265,-0.4336376488208771,-0.43635889887809753,-0.4469950497150421,-0.4592489004135132,-0.48090073466300964,-0.4895912706851959,-0.4964456856250763,-0.7846670746803284,-1.3252769708633423,-1.391992449760437,-1.3967043161392212,-1.5628865957260132
e112k,-0.23567092418670654,-0.24712440371513367,-0.2922372817993164,-0.3194841742515564,-0.32548123598098755,-0.33931034803390503,-0.46876171231269836,-0.4856010675430298,-0.48569998145103455,-0.52117919921875,-0.5461518168449402,-0.5721758604049683,-0.5959554314613342,-0.7553417086601257,-0.7776092886924744,-0.9587801098823547,-0.9592228531837463,-0.9716828465461731,-1.4024747610092163,-1.4895142316818237
k90n,-0.3554973900318146,-0.39143696427345276,-0.39684388041496277,-0.41994211077690125,-0.4837982952594757,-0.5209417939186096,-0.5892187356948853,-0.59718257188797,-0.6194568872451782,-0.6328099370002747,-0.6848683953285217,-0.6917232871055603,-0.7170910239219666,-0.805548369884491,-0.9176177382469177,-0.9979587197303772,-1.176092267036438,-1.5781261920928955,-1.7455984354019165,-1.7760671377182007
e92g,-0.22420883178710938,-0.2350330352783203,-0.23694854974746704,-0.2587873935699463,-0.2602226734161377,-0.26683634519577026,-0.2760172486305237,-0.2846241593360901,-0.3128885328769684,-0.3133354187011719,-0.34000226855278015,-0.3420588970184326,-0.35932350158691406,-0.41857263445854187,-0.42039772868156433,-0.7936531901359558,-0.8551957011222839,-1.2578383684158325,-1.4537562131881714,-1.5433064699172974
r123s,-0.2396177351474762,-0.2638266384601593,-0.27470746636390686,-0.2838921546936035,-0.30485525727272034,-0.3068208694458008,-0.3393421471118927,-0.358309805393219,-0.37456014752388,-0.44168800115585327,-0.46513861417770386,-0.5140230655670166,-0.5199544429779053,-0.5344367623329163,-0.6305065751075745,-0.6959310173988342,-1.2845624685287476,-1.35356605052948,-1.4064838886260986,-1.4296377897262573
y89i,-0.27565523982048035,-0.2802742123603821,-0.3262311518192291,-0.33021724224090576,-0.33959683775901794,-0.3396308720111847,-0.3619111478328705,-0.40269917249679565,-0.5258967280387878,-0.5341584086418152,-0.5453879237174988,-0.5712225437164307,-0.5837495923042297,-0.6448494791984558,-0.6757710576057434,-0.6770622134208679,-0.6950293183326721,-0.9131676554679871,-1.3711891174316406,-1.674246907234192
t79r,-0.24501344561576843,-0.24755674600601196,-0.26140618324279785,-0.2645026445388794,-0.30174359679222107,-0.3110996186733246,-0.3150174021720886,-0.33333858847618103,-0.3487530052661896,-0.3685959577560425,-0.37831810116767883,-0.41662970185279846,-0.43708768486976624,-0.43761104345321655,-0.44122326374053955,-0.4581107497215271,-0.47901269793510437,-0.5719637870788574,-0.838878333568573,-1.5973602533340454
g67v,-0.15360721945762634,-0.23068642616271973,-0.23253536224365234,-0.25600773096084595,-0.27777183055877686,-0.3614703416824341,-0.427659809589386,-0.4472276270389557,-0.4559221863746643,-0.4559721052646637,-0.549089252948761,-0.6237829923629761,-0.6361313462257385,-0.6368099451065063,-0.6691778302192688,-0.7225456833839417,-0.8498769402503967,-0.910339891910553,-0.9704367518424988,-1.1519376039505005
f84s,-0.27324435114860535,-0.2954385280609131,-0.302450567483902,-0.3077823519706726,-0.3265233337879181,-0.33856937289237976,-0.3640032112598419,-0.38431423902511597,-0.3916510045528412,-0.43038657307624817,-0.47625914216041565,-0.5223442912101746,-0.5273616313934326,-0.6089137196540833,-0.6444855332374573,-0.7671818733215332,-0.7746568322181702,-0.8731203079223633,-1.0349868535995483,-1.52855384349823
v50l,-0.24867230653762817,-0.24868261814117432,-0.25343701243400574,-0.30072900652885437,-0.335934579372406,-0.3539949953556061,-0.5113598704338074,-0.5486250519752502,-0.5572547316551208,-0.596764862537384,-0.623763382434845,-0.6840317845344543,-0.6936943531036377,-0.7078052163124084,-0.7347773909568787,-0.7355368733406067,-1.1700060367584229,-1.457429051399231,-2.306619644165039,-3.792307138442993
w61l,-0.2637118399143219,-0.3064573407173157,-0.3189942538738251,-0.3237132132053375,-0.3280811309814453,-0.3351575434207916,-0.3556549847126007,-0.3950656056404114,-0.5028223991394043,-0.5215600728988647,-0.6012187600135803,-0.6534997224807739,-0.6610538363456726,-0.8105005025863647,-0.8604797720909119,-0.8684353232383728,-1.0768438577651978,-1.1008073091506958,-1.510796308517456,-1.8385637998580933
k55t,-0.19168902933597565,-0.2368568480014801,-0.2638837397098541,-0.27605247497558594,-0.28583452105522156,-0.29641932249069214,-0.3000422418117523,-0.3149844706058502,-0.31631219387054443,-0.31917789578437805,-0.32762277126312256,-0.34715548157691956,-0.44549688696861267,-0.5132266879081726,-0.6948354840278625,-0.8672270774841309,-0.889519214630127,-1.2190090417861938,-1.4261590242385864,-1.4830050468444824
l131m,-0.2458762228488922,-0.2817116677761078,-0.29516565799713135,-0.2969116270542145,-0.2976873815059662,-0.3358553946018219,-0.33777740597724915,-0.37309205532073975,-0.40191134810447693,-0.46875685453414917,-0.4984602630138397,-0.5327203273773193,-0.5880184769630432,-0.5934272408485413,-0.6002240777015686,-0.6074262261390686,-0.8632019758224487,-0.8824825286865234,-1.014880895614624,-1.430890440940857
d94h,-0.22139796614646912,-0.2317068874835968,-0.28848859667778015,-0.29227787256240845,-0.29749417304992676,-0.30818384885787964,-0.32292938232421875,-0.32859593629837036,-0.33082249760627747,-0.3534620404243469,-0.36677828431129456,-0.37292665243148804,-0.39603063464164734,-0.5217991471290588,-0.5413692593574524,-0.5589286684989929,-0.583996593952179,-0.637328565120697,-0.6425321698188782,-1.046913981437683
a129s,-0.24079349637031555,-0.2427596151828766,-0.2511759400367737,-0.25740453600883484,-0.3002234101295471,-0.3135041296482086,-0.3590998947620392,-0.3921809196472168,-0.40259504318237305,-0.41627612709999084,-0.4340926706790924,-0.48028334975242615,-0.6559285521507263,-0.6770021915435791,-0.7504523396492004,-0.7683179974555969,-0.8706337213516235,-0.9187502264976501,-1.003662347793579,-1.4589195251464844
v50g,-0.25547218322753906,-0.2978992462158203,-0.3112863302230835,-0.31180495023727417,-0.31668031215667725,-0.3454665243625641,-0.3994772434234619,-0.4990988075733185,-0.5248597264289856,-0.5733541250228882,-0.716555655002594,-0.7171289324760437,-0.7483000159263611,-0.864521324634552,-0.945590078830719,-1.0245455503463745,-1.0569428205490112,-1.1409263610839844,-1.2998297214508057,-1.6068885326385498
t69p,-0.28557220101356506,-0.30632972717285156,-0.32824644446372986,-0.32983413338661194,-0.33179137110710144,-0.34254544973373413,-0.38976120948791504,-0.3939415216445923,-0.39668136835098267,-0.40851467847824097,-0.4242932200431824,-0.47296783328056335,-0.4931621253490448,-0.5957087874412537,-0.6161208152770996,-0.6644945740699768,-0.7182022929191589,-0.9894661903381348,-1.2470506429672241,-1.3004497289657593
g121s,-0.23643267154693604,-0.26102080941200256,-0.26490941643714905,-0.27591872215270996,-0.2987837791442871,-0.316691517829895,-0.31939178705215454,-0.3275654911994934,-0.3319868743419647,-0.33392518758773804,-0.3459641635417938,-0.35132673382759094,-0.3554244637489319,-0.4724622666835785,-0.5642648935317993,-0.5660357475280762,-0.6415077447891235,-0.6771982908248901,-1.3604131937026978,-1.6781681776046753
a101t,-0.20319858193397522,-0.2926257252693176,-0.2953549325466156,-0.2962588965892792,-0.298905611038208,-0.30061474442481995,-0.3094634711742401,-0.3256005048751831,-0.3351809084415436,-0.3379071354866028,-0.34044960141181946,-0.37938669323921204,-0.40338119864463806,-0.40581396222114563,-0.4118272364139557,-0.43448951840400696,-0.493503600358963,-0.5567307472229004,-0.6446558237075806,-1.6050878763198853
s132i,-0.26688987016677856,-0.28217315673828125,-0.2886360287666321,-0.3524433970451355,-0.3595719039440155,-0.507794976234436,-0.5359624624252319,-0.5569400191307068,-0.5660992860794067,-0.5951115489006042,-0.6205297112464905,-0.6365596652030945,-0.6632240414619446,-0.7741252779960632,-0.8316784501075745,-0.9049492478370667,-1.0992058515548706,-1.2150288820266724,-1.422793984413147,-2.092285633087158
v114a,-0.21502158045768738,-0.28077834844589233,-0.28885239362716675,-0.29962530732154846,-0.3189759850502014,-0.3426384925842285,-0.350242018699646,-0.37449172139167786,-0.38634422421455383,-0.41818422079086304,-0.4270138144493103,-0.4707385003566742,-0.4781797528266907,-0.5428832173347473,-0.5676402449607849,-0.6895710825920105,-0.6957040429115295,-0.7602896094322205,-1.27848219871521,-1.9359081983566284
s43n,-0.247049480676651,-0.25505420565605164,-0.26417455077171326,-0.28345245122909546,-0.29272815585136414,-0.3068552613258362,-0.3130530118942261,-0.34483394026756287,-0.34682509303092957,-0.40120595693588257,-0.40760037302970886,-0.407891184091568,-0.42460575699806213,-0.48146823048591614,-0.4840523302555084,-0.5623767971992493,-0.6155701279640198,-0.6269209980964661,-0.6969788670539856,-0.8227176666259766
a65d,-0.23548319935798645,-0.28992098569869995,-0.29430994391441345,-0.3014531433582306,-0.3110675811767578,-0.3219950497150421,-0.32571595907211304,-0.3349686861038208,-0.3428359925746918,-0.3636161983013153,-0.37901076674461365,-0.44423913955688477,-0.4645262658596039,-0.5100817084312439,-0.5387898683547974,-0.5760493874549866,-0.6573017239570618,-0.8334357142448425,-1.0299016237258911,-1.9191021919250488
l32p,-0.22883394360542297,-0.3004341125488281,-0.3309718668460846,-0.33606746792793274,-0.40425437688827515,-0.42041465640068054,-0.49664536118507385,-0.5457956194877625,-0.5570574998855591,-0.5699535012245178,-0.590561032295227,-0.6330592036247253,-0.6764031648635864,-0.6770530343055725,-0.7120279669761658,-0.8858750462532043,-1.0385617017745972,-1.121376633644104,-1.3311947584152222,-1.5526853799819946
t69s,-0.256400465965271,-0.2758674621582031,-0.2962974011898041,-0.3521474301815033,-0.43806737661361694,-0.44887328147888184,-0.45515233278274536,-0.564990222454071,-0.6042789816856384,-0.6113013029098511,-0.6832351088523865,-0.6979819536209106,-0.7980753779411316,-0.8253418803215027,-0.9944493770599365,-1.0109596252441406,-1.013745903968811,-1.350810170173645,-1.43303382396698,-1.4397077560424805
p133t,-0.2244757115840912,-0.26185527443885803,-0.2734490633010864,-0.36486268043518066,-0.3804774582386017,-0.4082086980342865,-0.41853073239326477,-0.42187705636024475,-0.48875585198402405,-0.5397075414657593,-0.6634870767593384,-0.7169996500015259,-0.7590110301971436,-0.7607778310775757,-0.7803330421447754,-1.183677077293396,-1.3016315698623657,-1.4179233312606812,-1.6667758226394653,-2.0637800693511963
i127v,-0.294776976108551,-0.31033381819725037,-0.3477450907230377,-0.35196515917778015,-0.3627130687236786,-0.402532696723938,-0.4106934070587158,-0.46087560057640076,-0.4847990572452545,-0.48856034874916077,-0.526520848274231,-0.6251718401908875,-0.6575490236282349,-0.661538302898407,-0.8344369530677795,-1.150969386100769,-1.4447375535964966,-1.5001391172409058,-1.7683368921279907,-1.7846853733062744
l78r,-0.24514466524124146,-0.24785801768302917,-0.30018356442451477,-0.31317082047462463,-0.33578571677207947,-0.4136603772640228,-0.4599924683570862,-0.543346643447876,-0.5612235069274902,-0.5659134387969971,-0.6551071405410767,-0.6551899909973145,-0.7272853255271912,-0.9822524785995483,-0.9929330348968506,-1.1855741739273071,-1.2056711912155151,-1.2858275175094604,-1.448455810546875,-1.625602126121521
e81g,-0.2125224471092224,-0.23779454827308655,-0.27462252974510193,-0.2845064699649811,-0.2857455909252167,-0.29392579197883606,-0.29878202080726624,-0.3110557496547699,-0.3397391438484192,-0.3413616716861725,-0.4425494372844696,-0.5022279024124146,-0.5253738760948181,-0.545342743396759,-0.7518630623817444,-0.7753351330757141,-0.8087497353553772,-1.3662770986557007,-1.3841184377670288,-1.5498290061950684
a45t,-0.2231995165348053,-0.2701273560523987,-0.2796745300292969,-0.3090161383152008,-0.31746983528137207,-0.3233644366264343,-0.3499606251716614,-0.35309141874313354,-0.3532404899597168,-0.3550054132938385,-0.37588512897491455,-0.417106956243515,-0.4179736077785492,-0.44738897681236267,-0.48805126547813416,-0.5510979890823364,-0.5632375478744507,-0.5733753442764282,-0.7095920443534851,-1.786763310432434
g77r,-0.2288869023323059,-0.2298726737499237,-0.25414255261421204,-0.26553183794021606,-0.28215494751930237,-0.31532666087150574,-0.3172299563884735,-0.32496875524520874,-0.33437755703926086,-0.37303635478019714,-0.40508928894996643,-0.5215834379196167,-0.5273289084434509,-0.5510157942771912,-0.5646823048591614,-0.6318782567977905,-0.6576185822486877,-0.6610692143440247,-1.443474292755127,-2.0484390258789062
f64y,-0.20164504647254944,-0.29040151834487915,-0.3109261691570282,-0.32355237007141113,-0.3351326286792755,-0.36193719506263733,-0.3625284731388092,-0.3843066096305847,-0.39900270104408264,-0.42768368124961853,-0.4283740222454071,-0.5456562042236328,-0.5657399892807007,-0.5678743720054626,-0.571272611618042,-0.9344645738601685,-1.1306558847427368,-1.1485083103179932,-1.8312426805496216,-2.200838327407837
h110n,-0.19008317589759827,-0.22533980011940002,-0.2332659363746643,-0.2370608150959015,-0.2401389479637146,-0.24980923533439636,-0.306784987449646,-0.3098828196525574,-0.33493152260780334,-0.34987732768058777,-0.3656158447265625,-0.3909107744693756,-0.45376911759376526,-0.48742976784706116,-0.5053046941757202,-0.6122050285339355,-0.7333289384841919,-0.7442092299461365,-0.7554790377616882,-0.7860227823257446
v50a,-0.2377721667289734,-0.3289114832878113,-0.33739474415779114,-0.3402935266494751,-0.34659674763679504,-0.3725767731666565,-0.3839210867881775,-0.38645586371421814,-0.41915249824523926,-0.42741748690605164,-0.5133495330810547,-0.5189384818077087,-0.5376166701316833,-0.548034131526947,-0.5792953372001648,-0.7352581024169922,-0.7576103806495667,-0.8896575570106506,-0.9855450987815857,-1.1992809772491455
i104s,-0.2234150469303131,-0.2363033890724182,-0.30435070395469666,-0.3514232635498047,-0.3531269431114197,-0.3624279797077179,-0.37826332449913025,-0.3921857178211212,-0.44912341237068176,-0.4832744300365448,-0.4874660074710846,-0.5550920963287354,-0.5714408159255981,-0.5838780999183655,-0.6825752854347229,-0.7104158997535706,-0.9715670347213745,-1.0048532485961914,-1.5530999898910522,-2.1011784076690674
e109k,-0.2476978898048401,-0.3163357973098755,-0.32741719484329224,-0.3314800560474396,-0.35174360871315,-0.358848512172699,-0.3597054183483124,-0.38376012444496155,-0.3843916952610016,-0.44689223170280457,-0.4534204304218292,-0.4616461396217346,-0.47131940722465515,-0.5746666789054871,-0.5835934281349182,-0.5920853018760681,-0.6372868418693542,-0.703643798828125,-1.029158115386963,-1.9295356273651123
v91a,-0.24141889810562134,-0.2441968321800232,-0.2823942005634308,-0.30672624707221985,-0.34434160590171814,-0.34695982933044434,-0.434916228055954,-0.44884541630744934,-0.4679442346096039,-0.47015663981437683,-0.5392268300056458,-0.549519419670105,-0.5979746580123901,-0.679972231388092,-0.7211065888404846,-0.7580933570861816,-0.8118939995765686,-0.9076620936393738,-0.9259166121482849,-1.6151355504989624
e74l,-0.22685235738754272,-0.31419986486434937,-0.31724730134010315,-0.3665896952152252,-0.3719479739665985,-0.37563666701316833,-0.38061901926994324,-0.3922499120235443,-0.41758644580841064,-0.4728758931159973,-0.5045529007911682,-0.5226099491119385,-0.5636869668960571,-0.6330559849739075,-0.6710571646690369,-0.7293429970741272,-0.8000218868255615,-0.8754705786705017,-0.9782320261001587,-1.1198347806930542
e82k,-0.29232361912727356,-0.2973261773586273,-0.31294888257980347,-0.3190322518348694,-0.3432827293872833,-0.4068095088005066,-0.41391855478286743,-0.41956058144569397,-0.4252605140209198,-0.4666872024536133,-0.7350806593894958,-0.7678225040435791,-0.780952513217926,-0.798534631729126,-0.8424963355064392,-0.8843663334846497,-0.9179655313491821,-1.3019334077835083,-1.5286484956741333,-1.539402961730957
e62d,-0.3021883964538574,-0.3053823709487915,-0.3354705274105072,-0.3831969201564789,-0.4304012358188629,-0.434614896774292,-0.4556685984134674,-0.4875410497188568,-0.5177808403968811,-0.5507873892784119,-0.5669286251068115,-0.6504840850830078,-0.6800073385238647,-0.6848461031913757,-0.7147369384765625,-0.7701030969619751,-0.8384019732475281,-0.9628266096115112,-1.4834660291671753,-1.5209228992462158
a65g,-0.2653079926967621,-0.28688326478004456,-0.3319949209690094,-0.34255337715148926,-0.3428409695625305,-0.3532937467098236,-0.36231887340545654,-0.3696920573711395,-0.44582992792129517,-0.4769062101840973,-0.5151329636573792,-0.5413681864738464,-0.5584366321563721,-0.5686855912208557,-0.7131556272506714,-0.7451385855674744,-0.8509460091590881,-1.013100028038025,-1.184355616569519,-1.1886250972747803
h76r,-0.268849641084671,-0.28533825278282166,-0.29040759801864624,-0.3048642873764038,-0.32923558354377747,-0.34963110089302063,-0.3688041865825653,-0.42240920662879944,-0.44047629833221436,-0.48062631487846375,-0.48845818638801575,-0.5033652186393738,-0.503839910030365,-0.5056763291358948,-0.5396366715431213,-0.6282370686531067,-0.727944552898407,-0.7292242646217346,-1.4765548706054688,-1.5903263092041016
l75p,-0.20217028260231018,-0.22881156206130981,-0.28093963861465454,-0.2910040318965912,-0.31425678730010986,-0.32734623551368713,-0.4015723168849945,-0.4190424382686615,-0.42114993929862976,-0.42323607206344604,-0.5050122141838074,-0.5129073858261108,-0.522641122341156,-0.5271907448768616,-0.5439953207969666,-0.574684202671051,-0.6073192954063416,-0.7742171883583069,-0.9708754420280457,-1.8618577718734741
v142a,-0.20692303776741028,-0.22518983483314514,-0.2258223295211792,-0.23604771494865417,-0.23986640572547913,-0.2507258355617523,-0.32699814438819885,-0.34330928325653076,-0.3436121642589569,-0.4120383858680725,-0.4753578305244446,-0.5198962688446045,-0.542407214641571,-0.6000567078590393,-0.6256023049354553,-0.6967179179191589,-0.7743523716926575,-0.7744818329811096,-1.3648265600204468,-1.4471198320388794
i93v,-0.19157928228378296,-0.24406573176383972,-0.26929110288619995,-0.2701259255409241,-0.28546470403671265,-0.29046785831451416,-0.3028901517391205,-0.312263160943985,-0.33733898401260376,-0.3502313792705536,-0.37111949920654297,-0.4729905128479004,-0.4751037657260895,-0.48077496886253357,-0.4837401807308197,-0.5560539960861206,-0.7618928551673889,-1.2236908674240112,-1.297408938407898,-1.5127156972885132
p44s,-0.2596857249736786,-0.2828530967235565,-0.3244369328022003,-0.3840821087360382,-0.41061416268348694,-0.42509347200393677,-0.4284156262874603,-0.42995914816856384,-0.4861029088497162,-0.48980650305747986,-0.5129125118255615,-0.5582173466682434,-0.5729552507400513,-0.6025111675262451,-0.6091292500495911,-0.6393890976905823,-0.6868101358413696,-0.8127606511116028,-1.4677573442459106,-1.6950464248657227
k55n,-0.2456173300743103,-0.2564316987991333,-0.2628289759159088,-0.28981637954711914,-0.29676249623298645,-0.3063434958457947,-0.32460343837738037,-0.3249630630016327,-0.3647752106189728,-0.3788206875324249,-0.42963993549346924,-0.5899423956871033,-0.6940819621086121,-0.7372356057167053,-0.7662189602851868,-0.8717215061187744,-0.898623526096344,-1.0594004392623901,-1.5788720846176147,-2.136929988861084
v48s,-0.24133270978927612,-0.25690850615501404,-0.29907211661338806,-0.3187416195869446,-0.32360830903053284,-0.3633861839771271,-0.39375290274620056,-0.40270575881004333,-0.4248890280723572,-0.4254269003868103,-0.4261523187160492,-0.4698176383972168,-0.6003398299217224,-0.6298229694366455,-0.7465460300445557,-0.7740792632102966,-0.7792045474052429,-0.824138343334198,-1.5381423234939575,-1.883079171180725
y98f,-0.2442469298839569,-0.24842259287834167,-0.3257156014442444,-0.36197715997695923,-0.44252070784568787,-0.4746151566505432,-0.486522912979126,-0.4882005751132965,-0.5064755082130432,-0.5078328847885132,-0.5356544852256775,-0.5492861270904541,-0.5511838793754578,-0.5820646286010742,-0.7410029768943787,-0.8431716561317444,-0.8729835152626038,-0.8942117094993591,-0.9103605151176453,-0.9374536871910095
r41q,-0.2277405858039856,-0.24745041131973267,-0.255641371011734,-0.3234044313430786,-0.3373256027698517,-0.3446245789527893,-0.36695247888565063,-0.3925706148147583,-0.41145050525665283,-0.4127689301967621,-0.434163361787796,-0.4568687975406647,-0.5515132546424866,-0.5520755052566528,-0.5685093402862549,-0.6081125140190125,-0.610876739025116,-0.6176013350486755,-1.8519706726074219,-1.9396454095840454
g73r,-0.5620508790016174,-0.5817107558250427,-0.6572044491767883,-0.6750496029853821,-0.6760305166244507,-0.6775038838386536,-0.6797283887863159,-0.7287822961807251,-0.7678483128547668,-0.7718996405601501,-0.778080403804779,-0.8528311848640442,-0.8928303718566895,-0.9470651745796204,-1.1155712604522705,-1.142850399017334,-1.1930032968521118,-1.268945336341858,-1.402679204940796,-1.4278229475021362
e71g,-0.15717315673828125,-0.24195119738578796,-0.26516297459602356,-0.2661437392234802,-0.2878890931606293,-0.3563329875469208,-0.3616659343242645,-0.36283665895462036,-0.4203895926475525,-0.4354316294193268,-0.5494958758354187,-0.5732753872871399,-0.593332052230835,-0.604997992515564,-0.9063559174537659,-0.9849321842193604,-1.0741373300552368,-1.3807169198989868,-1.6786731481552124,-2.0678813457489014
r54g,-0.2114008367061615,-0.2795456647872925,-0.29235559701919556,-0.3458142578601837,-0.38394084572792053,-0.4757520258426666,-0.4789486229419708,-0.4872356057167053,-0.5009441375732422,-0.5890565514564514,-0.595734179019928,-0.6039558053016663,-0.6212879419326782,-0.6426167488098145,-0.6539513468742371,-0.6664008498191833,-0.8097192645072937,-1.0684422254562378,-1.2351382970809937,-1.5925071239471436
i88l,-0.2697412967681885,-0.28632277250289917,-0.3000807464122772,-0.3340608775615692,-0.3419974744319916,-0.3574845492839813,-0.3905182182788849,-0.40436652302742004,-0.46381714940071106,-0.4739266037940979,-0.49576160311698914,-0.5714066028594971,-0.7038416862487793,-0.7671127915382385,-0.8268638253211975,-1.1201785802841187,-1.127271294593811,-1.3736125230789185,-1.3899075984954834,-1.7686827182769775
e74d,-0.21829843521118164,-0.23265522718429565,-0.23480424284934998,-0.24874621629714966,-0.24946880340576172,-0.30049940943717957,-0.32737860083580017,-0.34029653668403625,-0.3635671138763428,-0.38396990299224854,-0.3842024505138397,-0.3908438980579376,-0.4389883577823639,-0.46358802914619446,-0.6910354495048523,-0.7412322163581848,-0.9341408610343933,-0.9389598965644836,-0.9446957111358643,-0.998171865940094
t69a,-0.23251992464065552,-0.30182892084121704,-0.3591838777065277,-0.37635108828544617,-0.39160534739494324,-0.4683015048503876,-0.521468997001648,-0.5225231051445007,-0.5506532788276672,-0.5670385360717773,-0.5863988399505615,-0.6032739281654358,-0.6281318068504333,-0.7086990475654602,-0.7293850779533386,-0.7951964139938354,-0.8627750277519226,-0.9511071443557739,-1.3392480611801147,-1.581762671470642
v142i,-0.22209089994430542,-0.249420166015625,-0.28324511647224426,-0.2948917746543884,-0.29726091027259827,-0.30623799562454224,-0.3102366328239441,-0.3446352779865265,-0.3638835549354553,-0.3683096766471863,-0.42101261019706726,-0.46253156661987305,-0.4633605182170868,-0.4696013033390045,-0.4801770746707916,-0.5506460070610046,-0.5558031797409058,-0.5826894044876099,-0.6864895224571228,-1.5482028722763062
a56d,-0.22513771057128906,-0.22769135236740112,-0.23007380962371826,-0.238235205411911,-0.256288081407547,-0.25766706466674805,-0.3058936297893524,-0.3654508888721466,-0.36760684847831726,-0.3805850148200989,-0.4090823233127594,-0.41463708877563477,-0.511540412902832,-0.8224961757659912,-0.9735850095748901,-1.0731401443481445,-1.150412678718567,-1.260611891746521,-1.4391933679580688,-1.480592131614685
a111s,-0.2021431028842926,-0.22253653407096863,-0.22927090525627136,-0.2460455298423767,-0.24798408150672913,-0.2694333493709564,-0.28908583521842957,-0.3081410527229309,-0.3110334575176239,-0.38492950797080994,-0.47544628381729126,-0.4814586341381073,-0.49248817563056946,-0.49396196007728577,-0.5609028339385986,-0.6716627478599548,-0.6746161580085754,-0.6816043257713318,-0.7247708439826965,-1.3980482816696167
g73e,-0.43556907773017883,-0.4421139359474182,-0.46733173727989197,-0.4873327910900116,-0.4877401292324066,-0.49257197976112366,-0.49303534626960754,-0.5127651691436768,-0.5714761018753052,-0.5977174639701843,-0.5989059805870056,-0.6667402982711792,-0.7383280396461487,-0.7904965281486511,-0.8001568913459778,-0.8360713720321655,-0.9188993573188782,-1.0255190134048462,-1.1053154468536377,-1.4134114980697632
r124c,-0.24617895483970642,-0.30887821316719055,-0.32620492577552795,-0.35756435990333557,-0.3762773871421814,-0.39785411953926086,-0.4019348919391632,-0.4045571982860565,-0.4348909556865692,-0.49184635281562805,-0.49656879901885986,-0.49837297201156616,-0.5336194634437561,-0.545452356338501,-0.8409866094589233,-0.8505160212516785,-0.8558768630027771,-0.8841577172279358,-1.6269174814224243,-2.065802812576294
a117g,-0.22010469436645508,-0.22457489371299744,-0.2254657745361328,-0.27514219284057617,-0.28347617387771606,-0.3036749064922333,-0.3225635290145874,-0.3525828719139099,-0.3738436996936798,-0.5488115549087524,-0.5926572680473328,-0.5965755581855774,-0.5969364047050476,-0.5991385579109192,-0.6282731890678406,-0.6861842274665833,-0.7411729097366333,-0.7773321866989136,-1.4483236074447632,-1.4671578407287598
t139m,-0.22835111618041992,-0.2444688379764557,-0.28051453828811646,-0.3109757602214813,-0.31297728419303894,-0.31621450185775757,-0.32862454652786255,-0.3310335576534271,-0.34544703364372253,-0.35436713695526123,-0.3582007884979248,-0.41770434379577637,-0.48271068930625916,-0.4852809011936188,-0.5236896872520447,-0.5546166300773621,-0.6027402877807617,-0.686591625213623,-1.0150285959243774,-1.3920191526412964
