Mutation,Score_1,Score_2,Score_3,Score_4,Score_5,Score_6,Score_7,Score_8,Score_9
a129v-tetramer.pdb,-4.3129,-4.0931,-4.0641,-4.0412,-3.9888,-3.8625,-3.6943,-3.6619,-3.5651
v40i-tetramer.pdb,-4.1629,-4.1246,-4.0853,-4.0833,-4.0141,-4.0139,-3.8242,-3.7711,-3.628
d59v-tetramer.pdb,-4.3711,-4.1703,-4.1476,-3.6292,-3.5757,-3.5417,-3.4692,-3.403,-3.131
e62g-tetramer.pdb,-4.1703,-4.1023,-3.9985,-3.9831,-3.8831,-3.795,-3.6379,-3.6356,-3.6192
a65s-tetramer.pdb,-4.164,-4.1196,-4.0724,-3.938,-3.9368,-3.7093,-3.693,-3.442,-3.4293
i104n-tetramer.pdb,-4.4386,-4.4026,-4.0635,-3.9277,-3.9009,-3.8929,-3.8784,-3.7084,-3.4124
v113m-tetramer.pdb,-4.0282,-3.9497,-3.8081,-3.8074,-3.8065,-3.7864,-3.7199,-3.5884,-3.4697
a117s-tetramer.pdb,-4.1498,-4.1276,-3.9497,-3.921,-3.8851,-3.8628,-3.6683,-3.6421,-3.2272
e74k-tetramer.pdb,-3.6911,-3.5133,-3.0799,-3.0789,-2.6918,-2.2929,-2.1722,-2.0277,
g87e-tetramer.pdb,-4.092,-4.0754,-3.8959,-3.8746,-3.7669,-3.711,-3.6882,-3.4064,-3.3766
i104t-tetramer.pdb,-4.313,-4.3,-4.2758,-4.264,-4.2624,-4.1779,-4.1472,-4.0787,-3.9072
a45s-tetramer.pdb,-4.176,-4.1176,-3.9603,-3.7494,-3.6544,-3.3428,-3.3349,-3.2332,-3.1303
c30r-tetramer.pdb,-4.1721,-4.1514,-4.0907,-3.6701,-3.5418,-3.3731,-3.2677,-3.2188,-3.2026
a101v-tetramer.pdb,-4.019,-4.0059,-3.9084,-3.8371,-3.8046,-3.7875,-3.5492,-3.5191,-3.2326
t69i-tetramer.pdb,-3.3586,-3.3093,-3.2647,-3.1509,-3.1359,-2.7061,-2.6521,-2.598,-2.3049
l78h-tetramer.pdb,-4.0341,-3.8904,-3.7612,-3.7113,-3.7024,-3.6894,-3.5399,-3.4758,-3.472
g103r-tetramer.pdb,-4.3443,-4.2788,-4.2552,-4.0988,-3.8796,-3.8421,-3.4958,-3.4273,-3.4215
m33i-tetramer.pdb,-4.0986,-4.0792,-3.8074,-3.8048,-3.7897,-3.727,-3.7025,-3.5842,-3.4641
h108r-tetramer.pdb,-3.9961,-3.9842,-3.8389,-3.6703,-3.5605,-3.54,-3.4373,-3.3228,-3.2994
e74g-tetramer.pdb,-3.9675,-3.8902,-3.8665,-3.8401,-3.8281,-3.7905,-3.7892,-3.7181,-3.5464
y134h-tetramer.pdb,-4.1306,-4.0678,-3.9483,-3.849,-3.8461,-3.5835,-3.449,-3.381,-3.3623
y134s-tetramer.pdb,-4.3284,-4.323,-4.134,-4.1001,-3.9371,-3.9218,-3.8953,-3.551,-3.4885
e74q-tetramer.pdb,-5.3347,-5.3238,-5.1171,-5.1107,-4.7748,-4.7716,-4.675,-4.6269,-4.4538
s72p-tetramer.pdb,-4.1342,-4.0395,-4.0111,-3.99,-3.7862,-3.514,-3.5078,-3.33,-3.2021
t80a-tetramer.pdb,-4.099,-4.0787,-4.0734,-4.0585,-3.9218,-3.848,-3.7539,-3.7527,-3.4893
l75r-tetramer.pdb,-4.0362,-4.0331,-3.9688,-3.9437,-3.6466,-3.6449,-3.5929,-3.5697,-3.5422
v52a-tetramer.pdb,-4.1887,-4.1643,-4.0841,-4.0367,-3.7202,-3.6662,-3.6066,-3.4342,-3.3805
i127m-tetramer.pdb,-4.0584,-4.0398,-4.0311,-4.023,-3.9692,-3.9459,-3.6651,-3.6409,-3.3999
t79k-tetramer.pdb,-4.2731,-4.0966,-3.7685,-3.7258,-3.6987,-3.6271,-3.6061,-3.5926,1.546
f64l-tetramer.pdb,-4.2112,-4.1312,-3.9909,-3.8544,-3.7176,-3.5846,-3.3413,-3.3387,
i127f-tetramer.pdb,-3.7604,-3.5448,-3.4605,-3.3387,-3.212,-3.144,-3.1276,-3.1039,-3.0351
v50m-tetramer.pdb,-4.2824,-4.1783,-3.9441,-3.8877,-3.8754,-3.7595,-3.7578,-3.6808,-3.5534
s70r-tetramer.pdb,-3.9978,-3.9378,-3.8903,-3.6714,-3.5434,-3.4069,-3.2172,-3.135,-3.085
f53v-tetramer.pdb,-4.326,-4.317,-4.0836,-3.8859,-3.8281,-3.7785,-3.6479,-3.6112,-3.273
d38g-tetramer.pdb,-3.9632,-3.946,-3.9169,-3.8905,-3.648,-3.6337,-3.618,-3.5144,-3.4016
g67e-tetramer.pdb,-4.1424,-4.0796,-3.8554,-3.7553,-3.7236,-3.705,-3.7026,-3.656,-3.6138
a56p-tetramer.pdb,-3.9695,-3.8641,-3.8393,-3.8371,-3.8036,-3.5592,-3.4474,-3.3696,-2.9267
f84i-tetramer.pdb,-4.3574,-4.3429,-4.2443,-4.1831,-4.1719,-3.9561,-3.8434,-3.6633,-3.5374
a140s-tetramer.pdb,-4.2889,-4.1682,-4.0882,-4.0244,-3.8276,-3.5698,-3.4712,-3.4547,-3.4376
y136s-tetramer.pdb,-4.2536,-4.0766,-4.0738,-4.029,-4.0218,-4.002,-3.846,-3.2917,-3.2268
g73a-tetramer.pdb,-4.184,-4.1818,-3.9672,-3.7723,-3.4923,-3.3675,-3.3373,-3.1996,4.4991
g67a-tetramer.pdb,-4.4318,-4.1412,-3.9362,-3.9317,-3.9284,-3.3888,-3.3558,-3.3388,28.2909
s70i-tetramer.pdb,-4.7311,-4.3355,-4.2304,-4.2175,-4.1749,-4.1417,-4.0,-3.8662,-3.7373
wt-tetramer.pdb,-4.2337,-4.1927,-4.0667,-3.7617,-3.7246,-3.6809,-3.5411,-3.48,-3.4414
e81k-tetramer.pdb,-4.1347,-4.0107,-3.9683,-3.7612,-3.6311,-3.6261,-3.563,-3.1634,-3.1307
g67r-tetramer.pdb,-3.9719,-3.9213,-3.7613,-3.6045,-3.599,-3.5185,-3.2695,-3.1723,-2.9467
f53c-tetramer.pdb,-4.1311,-4.031,-4.0063,-3.9899,-3.9861,-3.4539,-3.2085,-3.1813,-3.0906
r54t-tetramer.pdb,-4.2702,-4.2159,-3.9588,-3.8994,-3.8631,-3.8548,-3.8476,-3.4267,-3.3692
d38e-tetramer.pdb,-4.4585,-4.4436,-4.1812,-3.9393,-3.7873,-3.577,-3.5182,-3.3482,76.8874
f53l-tetramer.pdb,-3.907,-3.9019,-3.8876,-3.8464,-3.7956,-3.7736,-3.7099,-3.6858,-3.6722
l75q-tetramer.pdb,-4.2072,-4.1689,-4.1376,-4.0971,-4.0671,-3.9724,-3.8205,-3.7218,-3.6017
f64s-tetramer.pdb,-4.1714,-4.1681,-3.9718,-3.9496,-3.8419,-3.7417,-3.7033,-3.6891,-3.3424
f53i-tetramer.pdb,-4.5137,-4.4347,-4.4314,-4.4071,-4.4027,-4.2979,-4.236,-4.2038,-4.043
e109q-tetramer.pdb,-4.3549,-4.3462,-4.2082,-3.9193,-3.9136,-3.8812,-3.8607,-3.8488,-3.7483
h110d-tetramer.pdb,-4.1264,-4.1232,-3.6457,-3.6361,-3.5323,-3.4878,-2.9731,-2.7003,-2.4368
s97y-tetramer.pdb,-4.1715,-3.9531,-3.9327,-3.8707,-3.5435,-3.5123,-3.3427,-3.1991,-3.0286
d58v-tetramer.pdb,-3.7745,-3.6943,-3.5677,-3.5621,-3.5441,-3.4449,-3.1415,-3.0461,-2.9397
r124h-tetramer.pdb,-4.1677,-3.8265,-3.8257,-3.809,-3.7344,-3.6387,-3.5689,-3.5201,-3.4309
y89h-tetramer.pdb,-3.9665,-3.8955,-3.8423,-3.8295,-3.8194,-3.7287,-3.4205,-3.377,-3.2179
a39d-tetramer.pdb,-4.1285,-3.9227,-3.7068,-3.6921,-3.6139,-3.4184,-3.2562,-3.2425,-3.2166
v52g-tetramer.pdb,-4.3484,-4.311,-4.2865,-4.1815,-4.1429,-4.1279,-3.8499,-3.8119,-3.6675
g87r-tetramer.pdb,-4.2232,-4.2171,-4.0165,-4.0153,-3.8089,-3.7944,-3.7498,-3.6392,-3.6196
d38n-tetramer.pdb,-4.2854,-4.2446,-4.2376,-4.1499,-3.9366,-3.7749,-3.5983,-2.0221,23.5062
s97f-tetramer.pdb,-3.886,-3.8504,-3.8247,-3.6246,-3.5065,-3.466,-3.4548,-3.4351,-3.0513
f84l-tetramer.pdb,-4.1238,-3.9808,-3.9667,-3.9493,-3.7052,-3.6517,-3.5847,-3.4696,-3.3146
a65t-tetramer.pdb,-4.1745,-4.1643,-4.113,-4.0855,-3.6885,-3.6791,-3.6188,-3.5565,-3.5229
p122r-tetramer.pdb,-4.1875,-4.1821,-4.161,-3.9595,-3.8516,-3.7943,-3.7764,-3.6877,-3.6704
d58a-tetramer.pdb,-4.2306,-4.1498,-4.1477,-3.9579,-3.5634,-3.4912,-3.4757,-3.2797,-3.2653
v48m-tetramer.pdb,-3.8947,-3.874,-3.8684,-3.8564,-3.2039,-3.024,-2.9008,-2.8138,-2.636
p145s-tetramer.pdb,-3.9841,-3.9766,-3.921,-3.9086,-3.8984,-3.6242,-3.6154,-3.3148,-3.3091
a129t-tetramer.pdb,-4.1859,-4.007,-3.9905,-3.6731,-3.4897,-3.3162,-3.1843,-2.8265,-2.7737
y134c-tetramer.pdb,-4.3251,-4.2933,-4.1728,-4.139,-4.0384,-3.8794,-3.8605,-3.5054,-3.442
e112k-tetramer.pdb,-4.0068,-4.0065,-3.8751,-3.7963,-3.7896,-3.6758,-3.6724,-3.5708,-3.5254
k90n-tetramer.pdb,-4.2666,-4.2046,-4.0942,-3.7894,-3.4724,-3.3688,-3.118,-3.0488,-0.2989
e92g-tetramer.pdb,-4.1426,-4.094,-3.9781,-3.9731,-3.9681,-3.6276,-3.6158,-3.5763,-3.5615
r123s-tetramer.pdb,-4.0568,-4.052,-4.0367,-3.8108,-3.4992,-3.4274,-3.212,-3.1302,-3.1057
y89i-tetramer.pdb,-4.3582,-4.3,-4.1608,-4.1593,-4.1588,-4.156,-3.7863,-3.7314,-3.5776
t79r-tetramer.pdb,-4.1536,-4.1313,-3.9813,-3.8976,-3.82,-3.6782,-3.5423,-3.3267,-3.2196
g67v-tetramer.pdb,-3.854,-3.8203,-3.7788,-3.7599,-3.739,-3.7109,-3.373,-3.2613,28.0098
f84s-tetramer.pdb,-4.2194,-4.1978,-4.0805,-3.9156,-3.7667,-3.6575,-3.641,-3.3866,-3.3776
v50l-tetramer.pdb,-3.9293,-3.7772,-3.7639,-3.621,-3.5027,-3.4917,-3.4908,-3.2103,-3.2079
w61l-tetramer.pdb,-3.9373,-3.9364,-3.8142,-3.793,-3.4804,-3.4542,-3.085,-3.0696,-2.8757
k55t-tetramer.pdb,-3.9385,-3.9304,-3.8991,-3.7429,-3.6676,-3.5983,-3.5555,-3.4425,-3.4276
l131m-tetramer.pdb,-4.0565,-3.9957,-3.8505,-3.7321,-3.7019,-3.6407,-3.5957,-3.4385,25.731
d94h-tetramer.pdb,-4.0997,-4.0404,-4.0361,-4.0104,-3.8799,-3.7274,-3.4445,-2.0092,43.0849
a129s-tetramer.pdb,-4.2026,-4.0892,-4.0716,-3.6491,-3.6425,-3.5361,-3.4424,-3.4197,-3.2273
v50g-tetramer.pdb,-4.0073,-3.9861,-3.8722,-3.8618,-3.8581,-3.7901,-3.7446,-3.7371,-3.6003
t69p-tetramer.pdb,-3.7252,-3.326,-3.2245,-3.2139,-2.7269,-2.4481,-2.233,-2.077,-0.0085
g121s-tetramer.pdb,-4.321,-4.3022,-3.9818,-3.9538,-3.9504,-3.9261,-3.8455,-3.6522,-3.3977
a101t-tetramer.pdb,-4.0259,-3.9985,-3.95,-3.7046,-3.5349,-3.5173,-3.2325,-3.0853,0.5956
s132i-tetramer.pdb,-4.0556,-4.0236,-3.8734,-3.8492,-3.8088,-3.6832,-3.6013,-3.5981,-3.5314
v114a-tetramer.pdb,-4.2211,-4.2165,-4.0057,-3.9039,-3.6286,-3.4823,-3.2776,-3.2707,-3.0338
s43n-tetramer.pdb,-4.141,-4.1389,-4.0523,-3.9093,-3.7725,-3.5698,-3.5294,-3.4302,-3.3438
a65d-tetramer.pdb,-4.0983,-4.0741,-4.0092,-3.9771,-3.8533,-3.8071,-3.6366,-3.5456,-3.3066
l32p-tetramer.pdb,-4.039,-4.0349,-3.9958,-3.9945,-3.8656,-3.717,-3.6688,-3.4931,-3.2448
t69s-tetramer.pdb,-4.0619,-3.9396,-3.731,-3.6941,-3.6574,-3.6551,-3.6449,-3.3233,-3.215
p133t-tetramer.pdb,-4.3652,-4.3226,-4.3091,-3.8953,-3.6595,-3.5094,-3.3345,-3.2288,4.3088
i127v-tetramer.pdb,-4.2891,-4.1504,-4.1336,-4.0708,-4.0657,-3.9495,-3.9279,-3.5983,-3.4859
l78r-tetramer.pdb,-4.3478,-4.063,-4.0126,-4.0021,-3.8571,-3.7591,-3.7541,-3.726,-3.639
e81g-tetramer.pdb,-4.3161,-4.3016,-4.1036,-4.0276,-3.8247,-3.7569,-3.5651,-3.4185,-3.3743
a45t-tetramer.pdb,-4.0102,-3.938,-3.7689,-3.7585,-3.643,-3.559,-3.5496,-3.3424,-3.224
g77r-tetramer.pdb,-4.1995,-4.1908,-4.1663,-4.0946,-4.0596,-4.0077,-3.9597,-3.8973,-3.7646
f64y-tetramer.pdb,-4.1801,-3.975,-3.9576,-3.9395,-3.6563,-3.4336,-3.2038,-3.1939,40.9894
h110n-tetramer.pdb,-4.1702,-4.0854,-3.8922,-3.8427,-3.6582,-3.5254,-3.4033,-3.2809,-3.1511
v50a-tetramer.pdb,-4.1635,-4.0176,-3.8181,-3.6949,-3.6275,-3.6002,-3.5507,-3.5408,-3.3437
i104s-tetramer.pdb,-4.0218,-3.9961,-3.9453,-3.9451,-3.8742,-3.8638,-3.496,-3.49,-3.3796
e109k-tetramer.pdb,-4.1515,-4.1461,-4.0745,-4.0381,-3.9943,-3.9573,-3.4803,-3.3965,-3.2659
v91a-tetramer.pdb,-4.2286,-4.2182,-4.1923,-4.0972,-3.8593,-3.6266,-3.4369,-3.3115,-3.1919
e74l-tetramer.pdb,-3.7636,-3.6326,-3.6206,-3.4742,-3.4631,-3.4564,-3.3703,-3.3598,-3.3142
e82k-tetramer.pdb,-4.2878,-4.1304,-4.1282,-4.062,-4.0485,-4.0123,-3.713,-3.5964,-3.4292
e62d-tetramer.pdb,-4.2166,-4.1828,-4.1574,-4.1526,-3.9461,-3.5169,-3.4552,-3.3488,-3.1937
a65g-tetramer.pdb,-4.2348,-4.2033,-4.127,-4.0774,-3.9321,-3.9156,-3.8332,-3.827,5.2789
h76r-tetramer.pdb,-4.3772,-4.365,-4.1932,-4.0724,-4.0178,-3.7761,-3.7672,-3.5486,-3.3312
l75p-tetramer.pdb,-3.8899,-3.8263,-3.8109,-3.7063,-3.6431,-3.6286,-3.6157,-3.4049,-3.3514
v142a-tetramer.pdb,-4.3894,-4.324,-4.3075,-4.1799,-4.1456,-4.0921,-4.077,-3.9,-3.8438
i93v-tetramer.pdb,-3.9728,-3.9586,-3.8192,-3.7797,-3.741,-3.7396,-3.606,-3.4422,-3.4123
p44s-tetramer.pdb,-4.2565,-4.1829,-3.7921,-3.7779,-3.5031,-3.4822,-3.3077,-3.1659,-3.1073
k55n-tetramer.pdb,-4.0764,-4.0641,-3.9001,-3.8794,-3.4518,-3.3337,-3.2647,-3.0357,-3.0111
v48s-tetramer.pdb,-3.9301,-3.9151,-3.5941,-3.2651,-3.2415,-3.0925,-2.5786,-2.5473,0.6632
y98f-tetramer.pdb,-4.3406,-4.2754,-4.2033,-4.1728,-4.1323,-3.8954,-3.8096,-3.7853,-3.6943
r41q-tetramer.pdb,-4.0248,-4.0097,-3.995,-3.9704,-3.6949,-3.4826,-3.4737,-3.4578,-3.3076
g73r-tetramer.pdb,-0.5195,-0.3275,-0.0391,-0.0228,0.6191,0.623,0.9698,1.1594,1.4947
e71g-tetramer.pdb,-4.6462,-4.6066,-4.3968,-4.2045,-4.067,-3.9797,-3.9601,-3.8581,-3.8314
r54g-tetramer.pdb,-4.0195,-3.9418,-3.9083,-3.7581,-3.4528,-3.3212,-3.2351,-2.966,-2.9552
i88l-tetramer.pdb,-4.4075,-4.1887,-4.1571,-3.9807,-3.9793,-3.8234,-3.8098,-3.4552,-3.4284
e74d-tetramer.pdb,-4.11,-4.0727,-3.9475,-3.9296,-3.877,-3.8554,-3.8141,-3.7794,-3.6301
t69a-tetramer.pdb,-4.2291,-4.105,-4.0598,-3.9963,-3.9212,-3.8754,-3.7912,-3.696,-3.647
v142i-tetramer.pdb,-4.0984,-4.0871,-3.8578,-3.854,-3.1606,-3.0393,-2.8424,-2.7349,-2.6195
a56d-tetramer.pdb,-4.0837,-4.0514,-3.9516,-3.951,-3.8721,-3.7376,-3.3792,-3.3355,-3.2858
a111s-tetramer.pdb,-4.5068,-4.4161,-4.4161,-4.4122,-4.4118,-4.3949,-4.2421,-4.192,-4.1069
g73e-tetramer.pdb,-2.8888,-2.7759,-2.7154,-2.0506,-1.933,-1.3514,-1.3509,-1.0989,46.2953
r124c-tetramer.pdb,-4.2321,-4.2251,-4.1192,-3.8522,-3.8298,-3.7256,-3.6567,-3.5569,-3.3581
a117g-tetramer.pdb,-4.0009,-3.9994,-3.994,-3.62,-3.4673,-3.4153,-3.3741,-3.334,-3.2058
t139m-tetramer.pdb,-4.0992,-4.0455,-3.8485,-3.8322,-3.2471,-3.166,-3.149,-3.1365,-0.162
